page_number,line_up_name,first_name,last_name,party_code,answers
2,Københavns Storkreds,Anders Havelund,Krøyer,C,1 1 5 4 1 4 1 4 4 2 5 4 2 5 2 2 2 4 4 2 4 2 4 1 4
3,Østjyllands Storkreds,Anders Krojgaard,Lund,C,2 1 4 5 2 4 1 5 5 2 4 5 2 4 4 1 1 5 5 4 5 4 4 2 5
4,Københavns Storkreds,Anders,Storgaard,C,2 1 4 2 2 4 2 2 4 2 4 5 4 4 4 1 2 4 2 4 4 4 2 2 4
5,Fyns Storkreds,Anne,Fiber,C,2 2 4 2 4 4 2 1 4 4 4 5 4 2 5 2 2 4 4 4 2 5 1 1 1
6,Sjællands Storkreds,Barbara,Engelstoft,C,2 2 4 2 4 2 1 5 2 4 5 2 4 4 2 2 5 2 4 2 4 2 2 5
7,Nordsjællands Storkreds,Birgitte,Bergman,C,1 2 5 5 2 4 1 2 4 2 4 5 2 4 5 2 2 5 4 2 4 5 4 4 2
8,Østjyllands Storkreds,Bjørn,Jensen,C,2 2 2 4 4 4 1 2 5 2 4 5 2 4 2 4 2 5 4 4 4 4 4 2 4
9,UNKNOWN,,,,
10,Københavns Storkreds,Carina,Høedt,C,2 4 2 2 2 2 4 4 2 4 5 5 4 5 1 2 4 2 4 4 5 2 4 4
11,Østjyllands Storkreds,Caroline,Svejsø,C,2 2 5 4 4 4 1 4 5 2 4 4 2 4 2 2 2 5 2 2 4 4 5 1 4
12,UNKNOWN,,,,
13,Østjyllands Storkreds,Charlotte,Green,C,1 1 5 4 4 4 1 2 4 2 4 5 2 5 5 2 1 4 4 4 5 5 4 2 1
14,Københavns Omegns Storkreds,Christian,Vigilius,C,1 2 4 4 1 2 1 2 4 2 4 4 2 4 2 4 2 4 4 2 4 4 2 2 4
15,Sydjyllands Storkreds,Christina,Foldager,C,1 2 4 2 4 1 1 5 2 4 5 2 4 4 1 1 5 4 4 4 4 4 2
16,Sydjyllands Storkreds,Dan,Arnløv,C,2 1 5 4 2 4 1 2 5 1 2 5 2 5 2 4 2 5 2 4 4 4 4 2 4
17,Vestjyllands Storkreds,Dina,Andersen-Raabjerg,C,4 2 4 4 4 2 2 2 5 2 4 4 2 4 4 2 2 4 4 4 2 4 2 2 2
18,Københavns Omegns Storkreds,Dorte,Vilhelmsen,C,2 2 5 4 1 2 1 4 5 2 5 5 4 5 2 2 2 5 5 2 4 4 2 2 2
19,Nordsjællands Storkreds,Egil,Hulgaard,C,2 1 4 4 2 4 2 4 4 2 4 4 4 4 4 2 2 4 4 4 4 2 4 2 4
20,Nordsjællands Storkreds,Emma Juul,Hansen,C,1 1 4 4 2 4 1 4 4 2 4 5 2 4 4 2 2 4 4 2 4 4 4 1 2
21,Sydjyllands Storkreds,Frederik Bloch,Münster,C,2 2 4 4 4 4 1 2 4 2 5 4 2 4 2 2 2 5 4 2 4 5 4 2 2
22,Nordsjællands Storkreds,Frederik,Germann,C,1 4 4 5 2 2 2 5 4 2 4 4 2 4 4 4 2 5 4 1 5 5 4 2 1
23,Sydjyllands Storkreds,Gitte,Eriksen,C,1 2 5 5 2 2 1 4 5 1 4 5 2 5 5 2 1 5 4 4 4 5 4 2 2
24,Vestjyllands Storkreds,Gorm Hoff,Lauridsen,C,1 1 4 4 2 2 1 1 4 1 4 5 2 4 4 2 1 5 2 4 4 4 4 2 4
25,Københavns Storkreds,Helene,Fagerhøj,C,2 1 4 4 2 2 2 2 4 2 4 4 4 4 4 2 2 5 2 4 4 5 4 2 4
26,Københavns Storkreds,Helle,Bonnesen,C,1 2 5 5 2 4 1 2 4 2 4 5 4 4 4 2 1 5 2 4 5 4 4 2 4
27,Sjællands Storkreds,Henrik,Jacobsen,C,1 1 1 5 5 1 1 4 2 5 2 2 5 5 2 1 2 1 5 5 1 1 2
28,UNKNOWN,Ida,Dyhr,C,1 2 5 4 4 1 2 5 2 4 4 2 4 4 4 2 5 4 4 4 4 4 2 2
29,Københavns Omegns Storkreds,Isabella,Arendt,C,2 1 5 2 2 5 1 1 5 2 5 5 4 4 5 1 2 2 1 5 4 5 1 1 2
30,Sjællands Storkreds,Jacob,Stryhn,C,2 1 5 4 4 4 1 2 5 2 5 5 2 4 5 2 1 5 4 2 4 5 4 2 4
31,Østjyllands Storkreds,Jacob,Skjærris,C,1 1 4 4 2 2 1 2 4 2 4 4 2 5 2 2 1 4 4 4 5 4 4 2 2
32,Sjællands Storkreds,Jane,Christensen,C,2 4 5 5 2 2 1 2 5 2 5 5 2 5 5 4 1 5 5 2 2 4 4 1 1
33,Sydjyllands Storkreds,Jannie Boysen,Westergaard,C,2 2 5 2 4 1 2 2 5 4 4 5 4 4 4 4 1 4 4 4 4 4 4 4 4
34,Sydjyllands Storkreds,Jens Langer,Schou,C,1 1 5 5 2 1 1 2 5 1 5 4 4 5 2 4 1 5 4 1 5 2 5 1 1
35,Københavns Omegns Storkreds,Jette,Larsen,C,2 1 4 4 4 4 1 2 4 2 2 5 4 4 5 4 2 4 4 5 4 4 2 2 1
36,Fyns Storkreds,Joachim,Hoffmann-Petersen,C,2 1 5 5 4 2 1 4 4 2 4 5 2 5 5 2 1 5 5 1 5 4 4 2 4
37,Fyns Storkreds,Johan Emil,Sevelsted,C,1 2 5 5 2 4 1 4 5 2 4 5 2 5 5 5 1 5 2 1 4 5 5 2 2
38,Fyns Storkreds,John,Hoppe,C,2 2 5 2 2 2 2 4 4 2 4 5 4 4 2 4 1 4 2 4 4 4 2 1 2
39,Vestjyllands Storkreds,Jørgen Christian,Pedersen,C,1 2 5 4 5 1 1 2 5 2 5 5 1 4 5 5 1 5 4 2 5 1 2 2 1
40,Fyns Storkreds,Klavs Norup,Lauridsen,C,2 2 4 4 4 2 2 2 4 4 4 4 2 4 5 2 2 5 4 2 2 5 4 4 4
41,Sydjyllands Storkreds,Kristian,Thomsen,C,1 2 5 5 4 4 4 5 5 1 5 5 4 4 2 5 1 5 5 2 5 5 5 1 2
42,Bornholms Storkreds,Kristoffer,Kromand,C,2 2 4 4 4 4 2 2 4 2 4 4 4 4 4 2 2 4 4 2 4 4 4 2 2
43,Nordjyllands Storkreds,Laura,Holm,C,2 2 5 5 4 4 2 4 5 4 5 5 2 2 4 4 2 4 4 4 4 4 4 4 4
44,Nordjyllands Storkreds,Lene,Burchardt,C,2 2 2 2 4 4 2 2 5 2 2 4 2 4 4 2 2 4 4 4 4 4 2 2 4
45,Vestjyllands Storkreds,Lennart,Qvist,C,2 4 5 5 4 4 2 4 5 2 4 5 2 5 4 2 1 5 4 1 5 4 2 2 4
46,Københavns Storkreds,Line,Ervolder,C,2 2 5 4 2 4 2 2 4 2 4 5 2 2 4 2 2 5 4 2 4 4 4 2 4
47,Vestjyllands Storkreds,Lise,Bertelsen,C,2 2 5 5 4 4 1 2 5 1 2 4 2 5 5 4 1 5 4 4 5 5 4 1 1
48,Københavns Omegns Storkreds,Magnus Von,Dreiager,C,1 1 4 4 1 4 1 4 4 2 4 5 4 4 4 2 2 4 2 2 4 4 2 4
49,Fyns Storkreds,Mai,Mercado,C,1 1 5 5 4 4 1 2 5 2 5 5 2 4 5 2 1 5 4 2 5 4 5 1 2
50,Sjællands Storkreds,Marcus,Knuth,C,1 1 5 5 4 4 1 4 4 2 4 4 2 4 4 4 1 5 4 1 4 4 4 2 2
51,Vestjyllands Storkreds,Marianne,Karlsmose,C,2 1 5 4 5 2 1 1 5 2 5 5 4 4 5 1 1 1 4 4 5 5 1 2 1
52,Nordsjællands Storkreds,Mette,Abildgaard,C,1 1 5 5 1 4 1 1 5 1 5 5 2 5 2 2 1 5 2 4 5 5 4 1 2
53,Københavns Storkreds,Mia,Tang,C,1 2 5 5 1 2 1 2 5 2 5 5 2 5 5 4 2 5 4 5 5 5 5 1 2
54,Østjyllands Storkreds,Michael Faust,Horsbøl,C,2 1 5 5 4 4 2 5 5 1 4 4 1 4 5 4 1 5 5 4 5 5 5 1 1
55,UNKNOWN,Michael,Grove,C,2 2 4 4 4 2 1 4 5 2 4 4 2 4 4 2 2 5 5 4 4 5 2 2 1
56,Østjyllands Storkreds,Mona,Juul,C,1 1 5 4 2 4 1 2 5 1 4 5 2 5 2 1 1 5 2 4 5 5 4 1 4
57,UNKNOWN,,,,
58,Fyns Storkreds,Natasja Bruun,Knudsen,C,1 4 5 5 2 2 1 2 5 2 5 5 4 4 4 5 1 5 4 4 4 5 4 2 2
59,Vestjyllands Storkreds,Nicklas,Verne,C,1 1 4 4 4 2 1 4 5 2 5 4 4 5 2 2 1 5 4 4 4 5 4 2 1
60,Københavns Storkreds,Niels Peder,Ravn,C,1 1 5 5 2 4 1 2 4 4 4 5 2 5 2 4 1 5 4 1 5 5 5 2 1
61,Københavns Storkreds,Nikolaj,Bøgh,C,1 2 5 4 1 4 1 2 4 2 4 4 4 4 4 2 1 5 4 1 5 4 2 2 4
62,Nordjyllands Storkreds,Per,Larsen,C,1 1 5 4 4 5 1 1 5 1 4 4 2 5 5 5 1 5 4 5 5 2 2 2 2
63,Østjyllands Storkreds,Peter,Sporleder,C,1 1 5 5 5 4 1 4 5 1 5 5 4 4 5 2 1 5 5 5 5 5 4 2 5
64,Sydjyllands Storkreds,Rasmus Elkjær,Larsen,C,2 2 4 4 2 4 2 2 4 2 2 4 4 4 4 2 2 4 4 4 4 4 2 1 2
65,Sydjyllands Storkreds,Rasmus,Sandvej,C,4 2 4 5 4 2 1 4 5 1 5 5 2 4 5 2 2 5 5 1 5 5 5 2 1
66,Nordjyllands Storkreds,René,Flou,C,1 2 5 5 4 2 1 2 5 1 5 4 1 5 5 5 1 5 4 2 5 5 5 1 4
67,UNKNOWN,,,,
68,Vestjyllands Storkreds,Siff Tang,Lassen,C,1 1 5 5 4 2 5 4 5 1 5 4 2 4 4 4 1 4 5 4 5 5 4 1 2
69,Københavns Omegns Storkreds,Sigurd Hebo,Lønholdt,C,1 1 5 5 1 5 1 4 5 2 5 5 4 4 4 5 2 5 2 4 4 4 2 1 4
70,Nordjyllands Storkreds,Sofie Therese,Svendsen,C,1 2 5 4 4 2 1 4 5 1 2 5 2 4 2 2 2 4 4 4 4 4 4 2 4
71,Nordjyllands Storkreds,Søren,Homann,C,2 1 4 5 4 4 1 2 5 2 4 5 2 4 5 2 2 5 4 4 5 5 5 4 4
72,Københavns Omegns Storkreds,Tina Cartey,Hansen,C,2 1 5 4 2 2 1 2 4 2 4 4 4 4 4 2 2 4 4 2 4 5 2 2 2
73,Fyns Storkreds,Tobias,Bennedsen,C,2 1 5 4 4 2 1 4 4 4 5 4 2 2 4 4 1 5 5 4 5 5 4 2 2
74,Østjyllands Storkreds,Viktor Thyregod,Sivertsen,C,2 5 5 2 2 2 1 4 5 1 5 4 2 4 4 4 1 5 4 2 4 4 4 1 4
75,Sjællands Storkreds,Vilhelm,Møller,C,1 1 5 4 4 2 1 4 5 2 4 4 2 4 5 4 1 5 4 2 4 4 5 2 2
76,Bornholms Storkreds,Eik Dahl,Bidstrup,I,1 1 2 5 4 5 5 1 5 2 1 5 2 5 1 5 5 5 5 5 1 1
77,Fyns Storkreds,Katrine,Daugaard,I,1 1 5 4 2 4 1 4 5 2 5 2 2 5 1 5 1 5 5 4 5 1 5 1 2
78,Fyns Storkreds,Malte,Jäger,I,1 2 5 5 2 4 1 5 5 1 5 2 1 5 1 5 1 5 5 1 5 2 5 1 2
79,Fyns Storkreds,Pia Offer,Madsen,I,1 1 5 5 4 4 1 4 5 1 4 2 4 2 4 5 5 2 4 1 5 1 4
80,UNKNOWN,,,,
81,UNKNOWN,Martin,Lissner,I,
82,UNKNOWN,Tonny,Vest,I,
83,Fyns Storkreds,Thomas,Estrup,I,1 2 5 4 2 4 1 5 5 2 2 4 2 5 2 4 1 5 5 4 4 2 5 1 2
84,Nordjyllands Storkreds,Sólbjørg,Jakobsen,I,1 2 5 5 2 2 1 5 5 2 4 2 2 4 2 5 2 5 4 2 5 2 5 1 4
85,Nordjyllands Storkreds,HP,Beck,I,1 1 5 5 2 2 1 5 5 2 5 4 2 5 1 4 2 5 4 2 5 2 5 2 2
86,Nordjyllands Storkreds,Kenneth Skatka,Hammer,I,1 1 5 5 2 4 1 4 5 1 5 4 1 5 2 4 1 5 5 2 5 2 5 1 1
87,Nordjyllands Storkreds,Anders Peter,Hansen,I,1 1 5 4 2 5 1 4 5 2 5 2 1 4 2 4 1 5 4 2 5 2 5 1 2
88,Nordjyllands Storkreds,Kim,Gaarsdahl,I,1 2 5 5 2 4 1 4 5 2 4 4 2 5 2 5 1 5 5 4 4 2 5 1 5
89,Nordjyllands Storkreds,Bo,Ritterbusch,I,1 2 5 4 2 5 1 4 5 1 2 1 2 5 2 4 1 5 5 2 5 1 5 1 4
90,Nordjyllands Storkreds,Mark,Hellerup,I,1 1 5 4 2 4 1 2 5 1 5 2 2 1 5 1 5 5 5 5 1 5 1 2
91,Nordjyllands Storkreds,Kresten Solvang,Larsen,I,1 1 5 5 2 4 1 4 5 1 5 2 2 5 2 5 1 5 5 2 5 1 5 1 4
92,UNKNOWN,Thomas,Heuniche,I,
93,UNKNOWN,Jimmy Abel,Nielsen,I,
94,Nordjyllands Storkreds,Frederik Blicher,Pedersen,I,5 1 5 5 0 4 0 5 5 1 4 2 2 4 1 2 1 5 4 2 5 0 5 1 0
95,Nordjyllands Storkreds,Dan Gaardboe,Rueskov,I,1 1 5 4 1 4 1 5 5 1 5 2 4 1 2 5 1 5 5 1 1 1 5 1 1
96,UNKNOWN,Thomas,Christiansen,I,
97,UNKNOWN,Sara,Tvilling,I,1 1 5 5 1 5 1 5 5 1 5 4 1 5 1 5 1 5 5 1 5 1 5 1 1
98,Nordjyllands Storkreds,Rikke,Olssen,I,1 2 5 4 2 4 1 4 5 2 5 2 2 2 4 1 5 2 4 1 5 1 2
99,UNKNOWN,Peter,Larsen,I,1 1 5 5 4 1 5 5 1 2 2 1 5 4 5 1 5 5 4 4 1 1 4
100,Nordjyllands Storkreds,Lukas,Vestergaard,I,1 2 5 5 2 5 1 5 5 1 5 2 2 5 1 5 1 5 4 1 5 1 5 1 4
101,Nordsjællands Storkreds,Steffen W.,Frølund,I,1 1 5 5 1 5 1 5 5 1 5 2 1 5 1 4 1 5 2 5 2 5 1 4
102,Nordsjællands Storkreds,Christopher,Arzrouni,I,1 1 5 5 1 4 1 5 5 2 4 4 2 5 2 4 1 5 5 4 4 1 5 1 4
103,Nordsjællands Storkreds,Chelle Lilly,Albøge,I,1 1 5 5 2 4 1 5 5 2 4 2 2 5 1 5 1 5 5 4 5 1 5 1 4
104,Nordsjællands Storkreds,Philip,Solberg,I,1 2 5 5 2 4 1 5 5 1 5 2 2 5 2 5 1 5 4 5 4 1 5 1 4
105,Nordsjællands Storkreds,Lars Høyer,Holmqvist,I,1 2 5 5 2 4 1 4 5 2 4 4 2 4 2 4 2 5 4 1 5 2 5 1 4
106,Nordsjællands Storkreds,Sten Schmidl,Søbjærg,I,2 1 5 4 2 4 1 4 5 1 5 4 1 5 2 4 1 5 5 4 4 1 4 1 4
107,UNKNOWN,,,,
108,Nordsjællands Storkreds,Robert,Mørck,I,2 4 4 2 2 4 1 4 4 2 4 4 2 4 2 4 2 4 4 2 4 2 4 2 4
109,Nordsjællands Storkreds,Steffen,Sjørslev,I,1 1 5 4 1 5 1 5 5 1 4 2 1 5 1 5 1 5 4 2 5 1 5 1 4
110,UNKNOWN,Johannes,Joyce,I,
111,Nordsjællands Storkreds,Kira,Danholm,I,1 2 5 4 2 4 1 5 5 1 5 2 1 5 1 4 1 5 5 1 5 2 5 1 4
112,Nordsjællands Storkreds,Steen,Tofteng,I,1 1 5 5 2 4 1 4 5 2 5 4 2 5 1 5 2 5 5 4 4 1 5 1 4
113,Københavns Storkreds,Ole Birk,Olesen,I,1 1 5 4 1 5 1 5 5 1 4 4 2 5 1 2 1 5 4 4 5 1 5 1 4
114,Københavns Storkreds,Mads,Strange,I,1 1 5 5 2 4 1 5 5 1 4 4 2 4 2 5 1 5 4 2 4 2 5 1 2
115,Københavns Storkreds,Alexander,Ryle,I,1 1 4 4 1 5 1 4 5 2 4 4 4 4 2 4 2 4 4 4 4 2 4 2 4
116,Københavns Storkreds,Merete,Riisager,I,2 2 5 5 2 4 1 5 5 2 5 4 4 4 2 2 1 5 5 1 5 2 4 1 2
117,Københavns Storkreds,Per Nørgaard,Andersen,I,1 1 5 5 2 2 1 4 5 1 2 4 2 5 4 2 2 4 2 4 4 1 5 2 4
118,Københavns Storkreds,Charlotte,Nellemann,I,1 1 5 5 2 4 1 5 5 2 5 2 1 4 2 4 2 5 5 4 5 1 5 1 4
119,Københavns Storkreds,Line Østergaard,Olsen,I,1 1 5 5 1 5 1 5 5 2 5 2 2 5 4 5 1 5 2 2 5 4 5 1 5
120,Københavns Storkreds,Laura Emilie,Fabricius-Lauritzen,I,1 2 5 2 2 5 1 5 5 2 5 2 2 5 1 5 1 5 5 4 4 1 5 1 4
121,UNKNOWN,,,,
122,UNKNOWN,,,,
123,Københavns Storkreds,Torben,Guldbæk,I,1 2 5 4 2 5 1 4 5 2 4 2 2 4 1 4 1 5 5 4 5 2 5 1 4
124,Københavns Omegns Storkreds,Freja,Brandhøj,I,1 1 5 5 2 4 1 4 5 2 5 4 2 4 2 5 1 5 4 4 5 1 5 1 2
125,Københavns Omegns Storkreds,Jonas,Juhl,I,1 1 5 5 1 5 1 5 5 1 4 4 2 5 1 5 1 5 4 4 5 1 5 1 4
126,UNKNOWN,,,,
127,Københavns Omegns Storkreds,Hanne,Bjørn,I,1 1 5 4 2 4 1 4 5 1 5 2 1 5 1 5 2 5 4 4 5 2 4 1 2
128,Københavns Omegns Storkreds,Jacqueline,Kristensen,I,1 2 5 5 2 5 1 2 5 2 2 4 2 4 2 4 2 5 4 4 5 2 5 1 2
129,Københavns Omegns Storkreds,Patrizia Venturelli,Christensen,I,1 2 5 4 2 4 1 4 5 2 2 2 2 5 2 4 1 5 5 2 4 2 5 1 4
130,Københavns Omegns Storkreds,Michael,Melchert,I,1 1 5 5 2 4 1 5 5 2 5 4 2 5 1 4 4 4 4 1 5 2 4 1 4
131,Sjællands Storkreds,Pernille,Vermund,I,1 1 5 5 2 5 1 5 5 1 4 2 1 5 1 4 1 5 5 2 4 2 5 1 2
132,Sjællands Storkreds,Joachim,Riis,I,1 2 5 4 2 4 1 4 5 2 4 4 2 4 4 5 2 5 4 2 4 2 4 1 4
133,Sjællands Storkreds,Lars-Christian,Brask,I,1 1 5 5 2 5 1 5 5 1 5 2 2 5 1 5 1 5 5 4 5 2 5 1 2
134,Sjællands Storkreds,Mads,Brenøe,I,1 1 5 5 2 5 1 5 5 1 4 4 2 4 1 4 1 4 4 2 5 4 5 1 2
135,Sjællands Storkreds,Martin Mickey,Pedersen,I,1 2 5 5 4 5 1 5 5 1 4 2 2 5 2 5 1 5 5 4 4 2 5 1 4
136,Sjællands Storkreds,Frederik,Grünfeld,I,1 2 5 5 2 5 1 5 5 2 5 2 2 5 1 4 2 5 5 4 5 2 5 1 4
137,Sjællands Storkreds,Michael,Rask,I,1 2 5 4 2 4 1 4 5 2 4 2 2 5 2 5 2 5 4 2 5 1 5 1 4
138,Sjællands Storkreds,Sandra,Skalvig,I,1 1 5 5 2 4 1 5 5 2 4 2 2 4 2 5 2 5 4 1 5 2 5 1 2
139,Sjællands Storkreds,Nicolai,Sandager,I,1 1 5 4 2 5 1 4 5 2 4 2 2 5 2 5 1 5 4 4 4 2 5 1 2
140,Sjællands Storkreds,Henrik B.,Dynesen,I,1 1 5 4 2 4 1 5 5 1 4 2 1 5 2 4 1 5 5 2 5 1 5 1 2
141,Sjællands Storkreds,Julie,Memborg,I,1 2 5 4 2 4 1 4 5 2 4 2 1 4 4 5 1 5 5 4 4 1 5 1 4
142,Sjællands Storkreds,Steffen,Friis,I,1 1 5 5 2 4 1 4 5 2 4 4 1 4 1 5 2 5 5 2 4 2 5 1 4
143,Sjællands Storkreds,Carsten Abildtrup,Ranum,I,1 2 5 5 2 2 1 4 5 1 5 2 2 5 2 5 1 5 5 4 5 1 5 1 4
144,UNKNOWN,,,,
145,Sjællands Storkreds,Frederik Max,Krag,I,1 2 5 5 2 5 1 5 5 1 4 2 2 4 2 4 1 5 5 2 5 2 5 1 2
146,UNKNOWN,Elva Bille,Klem,I,
147,Sjællands Storkreds,Susan H.,Møller,I,1 2 5 4 2 2 1 4 5 1 4 2 1 0 1 4 2 5 4 4 5 1 5 1 2
148,Sjællands Storkreds,Ulrik,Lassen,I,1 2 5 5 2 4 1 5 5 1 5 2 2 4 1 5 2 5 5 2 5 2 5 1 2
149,Sjællands Storkreds,Brian,Prehn,I,1 2 4 4 2 4 1 4 5 1 5 2 2 4 2 4 2 5 5 2 5 2 5 1 4
150,Sjællands Storkreds,Nikolaj Brink,Olsen,I,1 1 5 4 2 4 1 4 5 2 4 4 2 5 2 5 2 5 5 1 4 2 5 1 4
151,Sjællands Storkreds,Kasper,Schneider,I,1 1 5 5 2 5 1 5 5 1 5 2 1 5 1 5 1 5 5 2 5 1 5 1 4
152,Sydjyllands Storkreds,Steffen,Larsen,I,1 1 5 5 2 5 1 5 5 1 5 2 2 5 2 4 1 5 5 2 5 1 5 1 2
153,Sydjyllands Storkreds,Kim Alexander,Jensen,I,1 1 5 5 2 5 1 5 5 1 4 2 2 4 1 5 1 5 4 4 4 1 5 1 2
154,Sydjyllands Storkreds,Helena Artmann,Andresen,I,1 2 5 4 2 2 1 5 5 1 4 2 2 5 1 4 2 5 4 2 5 2 5 1 4
155,Sydjyllands Storkreds,Cecilie Liv,Hansen,I,1 4 5 2 2 4 1 4 4 2 2 4 2 5 1 5 2 5 4 5 4 2 5 1 4
156,Sydjyllands Storkreds,Christian,Jørgensen,I,1 1 4 4 4 4 1 4 4 2 4 5 2 5 2 4 1 5 4 4 4 2 5 1 4
157,Sydjyllands Storkreds,Carl,Andersen,I,1 1 5 4 2 4 1 5 5 1 4 2 2 4 2 4 1 5 4 4 5 1 5 1 4
158,Sydjyllands Storkreds,Helene,Lykke,I,1 2 5 4 2 4 1 4 5 2 4 2 1 5 2 4 2 5 5 4 5 1 1 4
159,UNKNOWN,,,,
160,Sydjyllands Storkreds,John,Rasmussen,I,1 1 5 4 2 2 1 4 5 1 5 4 1 5 4 4 2 5 4 4 4 2 5 1 2
161,Sydjyllands Storkreds,Christian Fini,Mosegaard,I,1 2 5 4 2 4 1 4 5 2 4 2 2 4 1 5 2 5 4 2 5 2 5 1 4
162,UNKNOWN,,,,
163,UNKNOWN,Troels,Simonsen,I,1 2 5 5 2 2 1 5 5 1 5 5 5 5 4 1 5 5 2 5 2 5 1 4
164,Sydjyllands Storkreds,Frederik,Klakk,I,2 2 5 5 2 4 1 5 5 2 5 2 1 5 1 5 1 5 5 2 5 1 5 1 2
165,Vestjyllands Storkreds,Carsten,Bach,I,1 1 5 5 2 5 1 5 5 2 4 2 2 5 2 4 1 5 5 1 5 2 5 1 2
166,Vestjyllands Storkreds,Helle,Jensen,I,1 1 5 4 2 4 1 4 5 2 4 2 2 5 2 5 2 5 4 4 4 2 5 1 4
167,Vestjyllands Storkreds,Thorbjørn,Jacobsen,I,1 1 5 2 4 1 5 5 1 4 2 1 5 2 1 5 5 4 4 1 5 1 4
168,Vestjyllands Storkreds,Svend Stein,Olsen,I,1 1 5 2 2 5 1 5 5 2 5 2 2 4 2 5 2 5 4 4 4 1 5 1 4
169,UNKNOWN,,,,
170,Vestjyllands Storkreds,Steffen,Troldtoft,I,2 1 5 5 2 5 1 4 5 1 5 1 2 5 2 5 1 5 4 2 5 1 5 1 2
171,Vestjyllands Storkreds,Michael,Valbjørn,I,1 2 5 5 2 4 1 4 5 2 4 2 1 4 2 5 2 5 5 4 4 2 4 1 4
172,Østjyllands Storkreds,Alex,Vanopslagh,I,1 1 5 5 1 5 1 5 5 1 4 4 1 5 2 4 1 5 5 4 5 1 5 1 4
173,Østjyllands Storkreds,Jens,Meilvang,I,1 1 1 5 2 4 1 4 5 2 4 4 2 4 2 5 2 5 4 4 5 2 5 1 4
174,Østjyllands Storkreds,Louise,Brown,I,1 1 5 5 2 1 4 5 2 4 2 5 2 2 1 4 5 4 5 2 5 1 4
175,Østjyllands Storkreds,Chris,Hvidberg,I,2 2 4 5 1 4 1 5 5 2 4 4 2 5 1 4 2 5 5 2 5 1 5 1 4
176,Østjyllands Storkreds,Niels,Povlsgaard,I,1 1 5 4 2 5 1 4 5 2 4 2 2 5 2 5 2 5 5 4 5 1 5 1 4
177,Østjyllands Storkreds,Søren,Jensen,I,1 2 5 5 2 4 1 5 5 2 4 2 2 5 2 5 2 5 4 1 5 2 5 1 4
178,Østjyllands Storkreds,Lars,Abildskov,I,2 1 5 5 2 4 1 2 5 2 4 4 2 4 2 4 2 5 4 2 4 2 5 5 4
179,Østjyllands Storkreds,Michael,Klausen,I,2 2 2 2 2 4 2 4 5 2 4 4 4 4 2 4 2 5 4 4 4 2 4 2 2
180,UNKNOWN,Kim,Møller-Nielsen,I,1 1 5 5 2 5 1 5 5 1 4 2 2 5 2 4 1 5 5 4 5 1 5 1 2
181,Nordjyllands Storkreds,Steffen Holme,Helledie,B,4 1 2 2 4 4 2 1 2 4 4 5 5 4 5 1 2 2 2 4 2 2 2 4 4
182,Nordjyllands Storkreds,Jacob,Robsøe,B,4 1 2 2 4 4 2 2 2 4 4 5 4 4 5 1 2 2 2 4 2 4 2 2 4
183,Nordjyllands Storkreds,Susanne,Krebs,B,4 2 1 2 5 2 4 2 1 4 2 5 5 2 4 1 2 2 2 4 2 5 2 4 5
184,Nordjyllands Storkreds,Dorthe,Kerschus,B,4 1 4 2 5 4 2 1 2 4 4 5 4 2 5 1 2 1 2 4 2 5 1 4 2
185,Nordjyllands Storkreds,Marie,Wandel,B,4 1 5 1 4 2 1 1 5 4 5 5 1 5 1 4 1 2 5 1 4 1 4 4
186,Nordjyllands Storkreds,Pia,Elberg,B,2 1 4 2 4 4 2 1 2 4 5 5 2 5 1 2 1 4 2 4 1 4
187,Nordjyllands Storkreds,Carsten,Bedsted,B,4 1 2 2 4 2 2 1 4 5 2 5 4 4 5 2 2 1 2 4 2 1 1 4 2
188,Nordjyllands Storkreds,Michael Portefee P.,Lex,B,4 2 2 2 4 2 4 2 1 4 2 5 4 2 4 2 4 2 2 2 2 4 1 4 4
189,Nordjyllands Storkreds,Steen Asgeir,Petersen,B,4 2 1 1 4 2 5 1 1 5 5 4 2 5 2 2 1 2 4 2 4 5 5 4
190,Østjyllands Storkreds,Hanne,Roed,B,4 1 1 2 5 2 4 1 2 4 4 5 4 2 5 1 1 2 4 5 2 2 1 2 4
191,Østjyllands Storkreds,Katrine,Robsøe,B,4 1 2 2 4 4 2 1 2 4 2 5 5 4 5 1 2 2 2 5 2 4 1 4 4
192,Østjyllands Storkreds,Mathias,Sikora,B,4 1 4 1 4 2 4 1 4 4 5 5 5 2 4 1 2 1 2 5 1 4 2 2 5
193,Østjyllands Storkreds,Rune,Christiansen,B,4 1 4 2 4 2 2 1 2 4 4 5 4 2 4 2 2 2 4 4 2 4 2 4 4
194,Østjyllands Storkreds,Bjarke,Jensen,B,4 1 4 2 4 4 2 1 2 5 2 5 5 2 5 1 4 1 4 5 2 4 1 4 4
195,UNKNOWN,,,,
196,Østjyllands Storkreds,Rikke,Christensen,B,4 2 2 1 5 2 2 1 2 5 4 5 4 2 4 1 2 2 2 5 4 2 5 2
197,Østjyllands Storkreds,Line,Rasmussen,B,4 1 4 2 4 2 2 2 4 4 4 5 5 4 5 1 4 2 2 4 2 4 1 4 4
198,Østjyllands Storkreds,Anne Sophie,Callesen,B,4 1 4 1 4 2 1 2 4 4 5 5 2 5 1 2 1 2 4 1 4 1 4 4
199,Fyns Storkreds,Jakob,Larsen,B,4 1 4 2 4 4 2 1 2 5 2 5 4 2 5 1 2 1 2 5 2 4 1 4 4
200,Fyns Storkreds,Kim,Lei-Jensen,B,4 1 4 2 4 4 4 1 2 5 2 5 5 2 5 1 2 1 2 5 2 4 1 4 4
201,Fyns Storkreds,Anastasia,Milthers,B,5 2 4 4 2 4 1 2 4 4 5 5 4 4 2 4 2 2 4 2 2 2 4 4
202,Fyns Storkreds,Jan Werner,Mathiasen,B,4 1 4 2 4 4 4 1 2 4 4 5 5 2 5 1 2 2 2 4 2 5 1 4 4
203,Københavns Storkreds,Magnus Georg,Jensen,B,5 1 4 1 4 2 2 1 4 4 4 5 5 2 4 1 2 2 2 4 2 4 2 4 4
204,Københavns Storkreds,Thomas,Markmann,B,4 1 2 2 4 4 2 2 2 4 4 5 5 2 4 1 2 2 2 4 2 2 1 2 2
205,Københavns Storkreds,Thomas,Rohden,B,4 1 2 2 4 4 2 1 2 4 4 5 5 4 5 1 2 2 2 5 2 2 2 2 4
206,Københavns Storkreds,Mikkel Senna,Odoom,B,4 1 4 2 4 4 4 2 4 4 4 5 4 2 5 1 2 4 2 4 4 4 1 4 4
207,Københavns Storkreds,Samira,Nawa,B,4 1 4 2 4 4 2 1 2 5 2 5 5 4 5 1 2 1 2 5 2 4 1 4 4
208,Københavns Storkreds,Helene,Langager,B,4 2 2 2 4 4 4 2 2 4 4 5 4 2 5 2 2 2 2 4 2 4 4 4
209,Københavns Storkreds,Frederik,Rosberg,B,4 1 4 2 4 4 4 1 4 4 4 5 5 4 5 1 2 4 4 4 2 4 2 4 5
210,UNKNOWN,,,,
211,UNKNOWN,Maria Georgi,Sloth,B,4 1 4 2 4 4 2 1 2 5 2 5 5 2 5 1 2 1 2 5 1 4 1 4 4
212,Københavns Storkreds,Emil,Moselund,B,5 2 4 1 4 5 5 1 5 4 4 5 5 2 4 1 2 2 2 4 2 4 2 2 4
213,Københavns Storkreds,Marianne,Mortensen,B,4 1 4 1 4 4 4 1 2 5 4 5 5 2 5 1 2 1 4 5 2 4 1 4 2
214,Københavns Storkreds,Anne-Sofie,Sadolin,B,4 1 2 2 4 4 4 1 4 4 4 4 5 2 4 2 2 2 2 4 4 2 2 4 4
215,Københavns Omegns Storkreds,Lars Green,Bach,B,4 1 4 2 2 4 2 1 2 4 2 5 4 2 5 1 2 1 2 5 2 4 1 4 4
216,Københavns Omegns Storkreds,Kashif,Ahmad,B,4 5 5 1 5 1 1 1 1 5 5 5 5 1 5 5 5 1 4 5 1 5 5 5 5
217,Københavns Omegns Storkreds,Ruben,Kidde,B,1 2 2 4 2 1 2 4 4 5 5 4 5 1 2 2 2 4 4 5 1 4 4
218,Københavns Omegns Storkreds,Christina,Falkberg,B,4 2 4 2 4 2 2 2 2 5 2 5 5 2 5 1 2 1 4 4 2 4 1 4 4
219,Københavns Omegns Storkreds,Brian,Køster,B,2 1 4 1 1 2 2 1 2 4 1 5 5 2 5 1 2 1 2 4 2 1 1 5 5
220,Københavns Omegns Storkreds,Stinus,Lindgreen,B,4 1 4 2 4 4 1 1 2 5 2 5 5 2 5 1 2 1 2 5 2 5 1 4 4
221,Københavns Omegns Storkreds,Jens,Frost,B,4 1 4 2 4 2 2 1 2 5 2 5 5 2 5 1 2 1 2 5 2 2 1 4 4
222,Københavns Omegns Storkreds,Esat,Senturk,B,2 2 4 2 2 1 2 2 2 4 4 4 4 2 2 2 4 1 2 4 2 4 2 4 4
223,Københavns Omegns Storkreds,Zohair,Ali,B,2 2 5 2 4 2 2 2 2 4 4 4 4 2 4 2 4 2 4 4 2 4 2 4 4
224,Københavns Omegns Storkreds,Trine,Dybkjær,B,2 2 4 2 2 2 2 2 2 4 2 5 4 4 4 2 4 4 2 4 4 4 2 4 4
225,Københavns Omegns Storkreds,Isabel Havndrup,Aackmann,B,5 1 4 1 4 4 2 1 2 4 4 5 5 2 4 1 4 1 2 5 2 2 2 4 4
226,Nordsjællands Storkreds,Tine,Hessner,B,2 2 2 1 4 4 2 1 1 4 5 4 4 5 1 2 1 2 4 4 1 4 4
227,Nordsjællands Storkreds,Hediye,Temiz,B,4 1 4 1 4 4 2 1 2 5 4 5 5 2 5 1 2 1 2 5 2 4 2 4 4
228,Nordsjællands Storkreds,Christian,Elkjær,B,4 1 4 2 2 2 2 2 2 4 2 5 4 2 4 1 4 2 4 4 4 4 1 4 4
229,Nordsjællands Storkreds,Mikkel Westh,Jepsen,B,4 1 2 2 2 4 2 2 2 4 4 5 4 4 5 1 2 2 2 4 2 1 4 4
230,Nordsjællands Storkreds,Christina,Thorholm,B,4 2 4 2 2 2 2 1 4 5 2 5 5 4 5 1 5 2 2 4 4 5 2 4 2
231,Nordsjællands Storkreds,Martin,Lidegaard,B,4 1 4 2 4 4 2 1 2 5 2 5 5 2 5 1 2 1 2 5 2 4 1 4 4
232,Sydjyllands Storkreds,Lasse Skov,Ovesen,B,4 1 1 1 4 2 2 1 4 4 4 5 2 5 5 1 1 2 2 4 4 4 1 5 4
233,Sydjyllands Storkreds,Anne Marie Geisler,Andersen,B,4 2 4 1 4 4 2 1 1 5 2 5 4 2 4 1 4 2 2 4 2 4 1 4 2
234,Sydjyllands Storkreds,Finn Hartvig,Nielsen,B,4 1 1 1 4 4 4 1 1 5 4 5 4 1 4 1 4 1 2 5 1 1 1 4 4
235,Sydjyllands Storkreds,Nils,Sjøberg,B,4 1 4 2 4 2 2 1 1 5 2 5 5 2 5 1 2 4 4 4 2 4 2 4 4
236,Sydjyllands Storkreds,Lotte,Rod,B,5 2 4 2 4 2 2 1 2 5 2 5 5 2 4 1 2 1 2 4 2 4 1 2 4
237,UNKNOWN,Bjarne,Lastein,B,
238,Sydjyllands Storkreds,Ole Lynggaard,Jørgensen,B,1 1 4 4 2 1 1 5 5 5 4 4 4 1 1 2 4 5 2 1 2 4 5
239,Bornholms Storkreds,Simon Bech,Munch-Petersen,B,4 1 0 0 5 0 2 0 5 0 0 5 0 2 2 0 0 0 4 0 0 4 1 4 0
240,Sjællands Storkreds,Line Krogh,Lay,B,4 1 2 1 4 4 2 1 2 4 2 5 5 2 5 1 4 2 2 4 2 4 1 4 4
241,Sjællands Storkreds,Zenia,Stampe,B,4 1 4 2 4 4 2 1 2 5 2 5 5 2 5 1 2 1 2 5 2 4 1 4 4
242,Sjællands Storkreds,Edris,Qasimi,B,4 2 1 1 4 4 4 1 2 5 2 5 4 4 5 2 2 1 2 4 2 5 2 4 2
243,Sjællands Storkreds,Mette Hvid,Brockmann,B,4 1 2 1 4 4 4 1 1 5 2 5 5 1 5 1 2 1 2 4 1 2 1 4 2
244,Sjællands Storkreds,Helena Tjørnelund,Christensen,B,4 2 2 2 5 4 4 1 1 5 4 5 5 2 5 1 2 2 2 4 4 5 1 4 4
245,Sjællands Storkreds,Kristian,Stokholm,B,4 1 2 1 4 4 2 4 4 2 4 4 4 2 5 2 2 2 2 4 2 4 2 5 4
246,Sjællands Storkreds,Sofie,Holm,B,5 1 4 2 4 4 2 1 2 5 2 5 5 2 5 1 2 1 2 5 2 4 1 4 4
247,Sjællands Storkreds,Troels,Brandt,B,4 1 1 2 5 2 4 1 4 4 4 5 5 4 5 1 1 4 5 4 2 5 2 5 2
248,Sjællands Storkreds,Jeppe,Fransson,B,4 1 4 1 4 4 2 1 1 4 2 5 5 4 5 1 2 1 2 4 2 4 2 2 4
249,Sjællands Storkreds,Jeppe,Trolle,B,5 1 1 4 4 1 2 5 5 5 5 1 2 2 5 1 1 5
250,Vestjyllands Storkreds,Casper,Hindkjær,B,4 2 4 1 4 2 4 2 1 4 5 5 4 1 2 2 4 2 4 4 2 4 1 2 4
251,Vestjyllands Storkreds,Philip,Vivet,B,4 1 2 2 4 4 2 1 4 4 2 5 4 2 4 1 2 2 2 4 2 4 1 4 4
252,Vestjyllands Storkreds,Johan,Brødsgaard,B,4 1 4 4 5 4 2 1 2 4 2 5 4 2 4 1 4 4 4 4 2 5 2 4 4
253,Vestjyllands Storkreds,Peter,Vestergaard,B,4 1 4 2 4 4 2 1 2 5 2 5 5 2 5 1 2 1 2 5 2 4 1 4 4
254,Vestjyllands Storkreds,Kim,Pagels,B,4 2 2 2 2 2 2 2 2 4 2 4 4 4 5 2 2 2 4 4 2 4 4 4 4
255,Københavns Omegns Storkreds,Mathias,Fuglsang,H,1 4 5 5 4 1 1 5 5 2 5 5 2 4 1 5 2 5 5 2 2 5 5 1 2
256,Sjællands Storkreds,Tim,Larsen,H,1 4 5 4 2 1 1 4 4 2 5 4 2 4 1 5 2 4 4 2 4 5 4 2 2
257,Sjællands Storkreds,Sanne,Pilgaard,H,2 4 4 5 2 2 2 4 4 2 4 4 2 4 2 4 2 5 4 1 4 4 4 2 2
258,Sydjyllands Storkreds,Jørn,Dohrmann,H,1 4 5 5 1 1 1 5 5 1 4 4 1 4 2 5 1 5 5 1 5 4 5 2 1
259,Nordjyllands Storkreds,Niels,Christensen,H,1 5 5 5 5 1 5 4 1 5 5 5 2 1
260,Sydjyllands Storkreds,Karsten,Byrgesen,H,2 5 4 4 1 1 5 5 2 4 2 4 2 2 5 5 2 4 4 1 2
261,Nordsjællands Storkreds,Emilie,Schytte,H,1 4 5 5 1 2 1 5 5 2 5 5 2 4 1 5 2 5 4 1 4 5 5 1 1
262,Vestjyllands Storkreds,Helge K.,Frandsen,H,1 5 5 5 1 1 5 5 4 5 4 2 5 1 5 2 5 5 1 4 5 5 1 1
263,Sydjyllands Storkreds,Nadja Natalie,Isaksen,H,1 4 5 5 2 2 1 5 5 2 5 5 2 4 2 5 1 5 5 1 5 5 5 1 1
264,Københavns Omegns Storkreds,Morten,Dehn,H,2 4 5 5 2 2 1 5 5 2 5 5 2 4 1 5 1 5 4 2 4 4 5 1 1
265,Københavns Storkreds,Rikke,Hansen,H,2 5 5 4 2 1 1 5 5 4 5 4 2 4 2 5 2 5 5 1 5 5 5 1 1
266,UNKNOWN,Søren T.,Fugleberg,H,
267,Sjællands Storkreds,Jacob,Harris,H,1 5 5 5 4 1 1 5 5 4 5 4 1 5 2 5 1 5 5 1 5 5 5 1 1
268,Nordsjællands Storkreds,Martin,Nordstjerne,H,1 5 5 5 1 1 1 5 5 1 5 5 1 5 2 5 1 5 5 1 5 5 5 1 1
269,Østjyllands Storkreds,Lars Boje,Mathiesen,H,1 4 5 5 2 2 1 5 5 4 5 4 1 4 2 5 2 4 5 1 5 5 5 1 2
270,Vestjyllands Storkreds,Jes,Halfdan,H,1 4 5 5 4 1 2 5 5 2 4 4 2 4 4 5 2 5 5 2 4 5 5 2 2
271,UNKNOWN,Peter,Faber,H,1 4 5 5 2 1 1 5 5 5 2 2 4 1 5 2 5 5 2 5 5 5 1 1
272,Københavns Storkreds,Flemming,Steenlykke,H,2 4 5 5 2 2 1 5 5 2 5 4 2 2 2 5 2 5 5 1 5 4 5 2 1
273,UNKNOWN,Allan,Holm,H,1 4 5 4 4 2 1 4 5 1 1 1 5 2 5 1 5 4 4 4 5 2 2
274,Nordjyllands Storkreds,John,Bjerg,H,1 1 5 5 5 1 1 5 5 1 5 4 1 5 1 5 1 5 5 1 5 5 5 1 1
275,UNKNOWN,Morten,Riis,Ø,4 2 0 0 0 0 5 0 1 0 0 5 0 0 0 0 0 0 2 0 0 0 1 1 0
276,UNKNOWN,,,,
277,Fyns Storkreds,Victoria,Velásquez,Ø,5 2 5 1 5 1 5 1 2 5 4 5 5 2 2 2 5 2 2 2 2 5 1 1 2
278,Fyns Storkreds,Torsten,Ringgaard,Ø,5 1 5 1 5 1 5 1 1 5 5 5 5 1 5 1 5 1 4 5 1 5 1 1 5
279,Fyns Storkreds,Reza,Javid,Ø,5 4 5 1 5 1 5 1 1 5 4 5 5 1 2 1 5 1 2 2 1 5 2 1 4
280,Fyns Storkreds,Kaj,Alstrup,Ø,5 4 5 1 5 1 5 1 1 5 5 5 5 1 2 2 4 1 2 5 2 5 1 2 4
281,UNKNOWN,,,,
282,Fyns Storkreds,Jesper,Kiel,Ø,5 1 5 2 5 1 5 1 1 5 4 5 5 1 5 1 4 1 2 4 2 5 1 1 2
283,Fyns Storkreds,Vibeke Syppli,Enrum,Ø,5 4 2 1 5 1 5 1 1 5 4 5 5 1 2 1 5 1 4 5 1 2 2 1 5
284,Københavns Omegns Storkreds,Bianca,Vitting,Ø,5 2 5 1 4 1 5 1 1 5 5 5 5 1 5 1 4 1 2 4 2 5 1 1 4
285,Københavns Omegns Storkreds,Clara,Turms,Ø,5 1 5 1 5 1 5 1 1 5 5 5 1 4 1 5 1 1 5 1 5 1 1 5
286,Københavns Omegns Storkreds,Sune Rastad,Bahn,Ø,5 1 4 1 5 1 5 1 1 5 5 5 1 5 1 5 1 2 4 1 5 1 1 4
287,Københavns Omegns Storkreds,Ibrahim,Benli,Ø,5 2 5 1 4 1 5 1 1 5 2 5 5 2 2 1 4 1 2 4 2 5 1 1 4
288,Københavns Omegns Storkreds,Caroline,Lochow,Ø,5 1 5 1 5 1 5 1 1 5 4 5 5 1 4 2 4 1 2 4 1 5 1 1 4
289,Københavns Omegns Storkreds,Fatih,Baran,Ø,5 1 5 1 5 1 5 1 1 5 1 5 5 1 5 1 4 1 1 4 1 5 1 1 4
290,Københavns Omegns Storkreds,Emil,Viskum,Ø,5 1 5 1 4 1 5 1 1 5 2 5 5 1 2 1 4 1 2 4 1 5 1 1 4
291,Københavns Omegns Storkreds,Helge Bo,Jensen,Ø,5 5 5 1 5 1 5 1 1 5 4 5 5 1 2 1 5 1 4 4 1 4 1 1 4
292,Nordjyllands Storkreds,Runa Friis,Hansen,Ø,4 1 5 1 5 1 5 1 2 5 4 5 5 1 2 2 5 1 4 4 1 5 1 1 4
293,Nordjyllands Storkreds,Hans,Jensen,Ø,5 1 5 1 5 1 5 1 1 5 4 5 5 1 4 1 5 1 4 1 5 1 5
294,Nordjyllands Storkreds,Christina,Eilers,Ø,5 1 5 1 5 1 5 1 1 5 2 5 5 1 2 1 5 1 4 4 1 5 1 1 4
295,Nordjyllands Storkreds,Berit,Raldin,Ø,5 1 5 1 5 1 5 1 1 5 5 1 5 1 4 1 4 4 5 1 5
296,Nordjyllands Storkreds,Ulrik,Appel,Ø,5 1 5 1 4 1 5 1 1 5 4 5 5 1 4 1 5 1 4 4 1 5 1 1 4
297,Nordjyllands Storkreds,Lasse Mejer,Petersen,Ø,5 1 5 1 5 1 5 1 1 5 2 5 5 1 4 1 4 1 2 2 1 5 1 1 4
298,Københavns Storkreds,Maria Sofie,Petersen,Ø,5 2 5 1 2 1 5 1 1 5 4 5 5 1 1 1 5 1 2 4 2 5 1 1 5
299,Københavns Storkreds,Charlotte,Lund,Ø,5 2 5 1 4 1 4 1 1 5 5 5 5 1 4 1 4 2 2 4 2 5 1 1 5
300,Københavns Storkreds,Reinout,Bosch,Ø,5 1 5 1 4 1 5 1 1 5 2 5 5 2 2 1 5 1 1 5 1 5 1 1 2
301,Københavns Storkreds,Leila,Stockmarr,Ø,5 1 5 1 4 1 5 1 2 5 2 5 5 1 4 1 5 1 2 4 1 5 1 1 4
302,Københavns Storkreds,Pelle,Dragsted,Ø,4 2 5 1 4 1 4 1 1 5 2 5 5 2 2 2 4 1 4 2 2 5 1 1 4
303,Københavns Storkreds,Pil,Yildiz,Ø,5 2 4 4 5 1 5 1 1 5 2 5 4 1 5 1 4 2 2 2 2 4 1 1 2
304,Københavns Storkreds,Kim,Larsen,Ø,0 1 5 4 5 2 5 1 1 5 4 5 5 2 4 1 4 4 4 4 2 5 2 1 4
305,Københavns Storkreds,David,Rønne,Ø,5 2 5 1 4 1 5 1 1 5 2 5 5 1 5 1 5 1 2 4 1 5 1 4
306,Københavns Storkreds,Mette Bloch,Hansen,Ø,0 1 4 1 4 1 0 1 1 5 4 5 5 1 5 1 4 1 4 2 2 5 2 1 2
307,Københavns Storkreds,Mathilde,Vinther,Ø,5 1 5 1 4 1 5 1 1 5 2 5 5 1 2 2 4 1 2 4 1 5 1 1 4
308,Københavns Storkreds,Pil,Christensen,Ø,4 2 5 1 4 1 5 1 2 5 2 5 5 2 4 1 4 1 2 2 1 5 2 1 4
309,Københavns Storkreds,Rosa,Lund,Ø,5 1 5 1 5 1 5 1 1 5 4 5 5 1 4 1 4 1 4 1 1 5 1 1 2
310,Nordjyllands Storkreds,Peder,Hvelplund,Ø,5 1 5 1 5 1 5 1 1 5 2 5 5 1 5 1 4 1 2 4 1 5 1 1 2
311,Nordjyllands Storkreds,Lasse,Olsen,Ø,5 1 5 1 4 1 5 1 1 5 4 5 5 1 2 1 5 1 2 4 1 5 1 1 4
312,Nordjyllands Storkreds,Filippa Emilie,Vittrup,Ø,5 1 5 1 4 1 5 1 2 5 2 5 5 1 2 1 5 1 2 4 1 5 1 1 4
313,Nordsjællands Storkreds,Christoffer Emil,Jexen,Ø,5 2 5 1 4 1 5 1 1 4 4 5 5 2 4 1 4 1 4 4 2 5 2 2 4
314,Nordsjællands Storkreds,Annie,Hagel,Ø,5 2 4 1 4 2 4 1 1 5 2 5 5 1 5 1 2 1 4 4 2 5 1 1 4
315,Nordsjællands Storkreds,Sinem Dybvad,Demir,Ø,5 1 5 1 4 1 5 1 1 5 2 5 5 1 2 1 4 1 2 4 1 5 1 1 2
316,Nordsjællands Storkreds,Carolina,Cámara,Ø,5 1 5 1 4 1 5 1 2 5 4 5 5 2 4 2 4 1 2 4 1 5 1 1 4
317,Nordsjællands Storkreds,Emil,Andersen,Ø,4 2 4 1 4 2 4 2 2 4 4 5 4 2 4 2 4 2 2 4 2 4 2 1 2
318,UNKNOWN,,,,
319,Sjællands Storkreds,Ludmila,Plenge,Ø,5 2 5 1 5 1 5 1 1 5 5 5 5 1 2 1 5 1 2 4 1 5 1 1 5
320,Sjællands Storkreds,Bruno,Jerup,Ø,5 4 5 2 2 1 5 1 1 5 2 5 5 1 5 1 5 2 4 5 2 5 1 1 5
321,UNKNOWN,Peter,Roswall,Ø,5 2 4 1 5 1 5 1 1 5 4 5 5 1 4 2 4 1 4 4 1 5 1 1 2
322,Sjællands Storkreds,Louis,Jacobsen,Ø,5 1 5 1 4 1 5 1 2 5 4 5 5 1 2 2 5 1 2 1 2 5 1 1 2
323,Sjællands Storkreds,Birgit,Gedionsen,Ø,4 1 4 1 5 2 4 1 1 5 4 5 5 1 5 1 4 2 2 4 2 4 1 2 5
324,Sjællands Storkreds,Jonas,Paludan,Ø,5 2 5 2 4 1 5 1 2 5 4 5 5 1 4 1 4 2 2 5 2 5 1 1 2
325,UNKNOWN,Karen Thestrup,Clausen,Ø,
326,Sjællands Storkreds,Eva,Flyvholm,Ø,5 2 5 1 4 1 4 1 2 5 4 5 5 1 4 2 4 2 4 2 2 5 1 1 2
327,Sjællands Storkreds,Helena Hedegaard,Udsen,Ø,5 2 5 1 5 2 5 1 2 5 4 5 5 1 5 1 5 1 2 4 1 4 1 1 4
328,Sydjyllands Storkreds,Johanna-Maria,Precht,Ø,0 5 5 1 5 1 5 1 1 4 5 5 5 1 2 1 4 2 2 4 4 4 1 1 4
329,Sydjyllands Storkreds,Helene Hellesøe,Appel,Ø,5 2 5 1 5 1 5 1 1 5 1 5 5 1 2 1 4 1 2 4 1 5 1 1 5
330,Sydjyllands Storkreds,Selma,Bolø,Ø,5 1 5 1 5 1 4 1 1 4 4 5 4 1 4 2 4 1 4 2 2 5 2 1 4
331,Sydjyllands Storkreds,Lasse Harder,Schousboe,Ø,5 1 5 1 4 1 5 1 1 5 2 5 5 1 5 2 5 1 2 4 1 5 1 1 4
332,UNKNOWN,Sarah,Nørris,Ø,
333,Sydjyllands Storkreds,Lars,Mogensen,Ø,5 2 5 1 5 1 5 1 1 5 4 5 5 1 4 1 5 1 2 2 2 5 1 1 2
334,Sydjyllands Storkreds,Rasmus Vestergaard,Madsen,Ø,5 1 5 1 4 1 5 1 1 5 4 5 5 1 4 1 5 2 2 2 1 5 1 1 4
335,Sydjyllands Storkreds,Lilje,Holm,Ø,5 1 5 1 5 2 5 1 1 5 4 5 5 1 2 2 5 2 4 2 1 5 1 1 4
336,Sydjyllands Storkreds,Holly Marie,Turner,Ø,5 1 5 1 5 1 5 1 2 5 4 5 5 1 2 1 4 1 2 4 1 5 1 1 5
337,Sydjyllands Storkreds,Benny,Dall,Ø,5 1 5 4 0 5 0 1 5 4 5 5 1 4 1 4 1 4 4 1 5 1 1 4
338,Sydjyllands Storkreds,Mathias D.,Christiansen,Ø,5 1 5 1 5 1 5 1 1 5 5 5 5 1 1 1 5 1 1 5 1 1 1 1 5
339,UNKNOWN,Jacob,Abildgaard,Ø,
340,Vestjyllands Storkreds,Lisbeth,Torfing,Ø,5 1 5 1 5 1 5 1 2 5 2 5 5 2 4 1 4 1 4 2 1 5 1 1 4
341,Vestjyllands Storkreds,Aksel Rosager,Johansen,Ø,5 1 5 1 5 1 5 1 2 5 4 5 5 2 4 1 4 4 4 2 5 1 1 4
342,UNKNOWN,,,,
343,Vestjyllands Storkreds,Stine Ry,Andersen,Ø,5 1 5 1 4 1 5 1 2 5 4 5 5 2 2 2 4 1 4 4 1 5 1 1 4
344,UNKNOWN,Lars,Dohn,Ø,
345,Vestjyllands Storkreds,Christian,Juhl,Ø,5 1 5 1 5 1 5 1 1 5 2 5 5 1 5 1 5 1 2 5 1 5 1 1 5
346,Østjyllands Storkreds,Trine,Mach,Ø,5 2 5 1 4 1 5 1 1 5 4 5 5 1 2 1 4 1 2 4 1 5 1 1 4
347,Østjyllands Storkreds,Maria,Temponeras,Ø,5 1 5 1 1 5 1 1 5 4 5 5 1 2 2 5 1 4 4 5 2 1 4
348,Østjyllands Storkreds,Edith,Vels,Ø,5 1 5 1 5 1 5 1 1 5 4 5 5 1 4 1 4 1 2 5 1 5 1 1 5
349,Østjyllands Storkreds,Martin,Laursen,Ø,4 4 5 1 5 1 5 1 4 5 5 5 5 1 4 2 4 4 4 2 1 1 4
350,Østjyllands Storkreds,Maria,Sørensen,Ø,5 1 5 1 5 1 5 1 2 5 4 5 5 1 4 1 5 1 2 4 1 5 1 1 4
351,Østjyllands Storkreds,Kristjar,Skajaa,Ø,5 1 2 1 5 1 5 1 1 5 4 5 5 1 5 1 5 1 4 4 1 4 1 1 4
352,Østjyllands Storkreds,Christina,Hedegaard Hansen,Ø,5 4 5 1 4 2 5 2 2 5 5 4 4 2 4 2 4 2 2 2 1 5 1 1 1
353,Nordjyllands Storkreds,Anna,Bjerre,Å,4 2 5 1 5 1 5 1 2 5 4 5 5 2 4 1 5 1 4 4 2 4 1 1 4
354,Nordjyllands Storkreds,Emil,Sloth,Å,4 2 4 2 4 4 4 2 2 4 4 4 4 2 4 2 4 2 2 4 2 4 2 2 4
355,Nordjyllands Storkreds,Anette Jensen,Smith,Å,4 2 4 1 5 2 2 1 2 5 4 5 1 4 1 5 1 4 4 1 4 2 1 4
356,Nordjyllands Storkreds,Anne-Marie,Hemmeth,Å,5 1 5 1 5 1 5 1 1 5 4 5 5 1 2 1 5 2 2 4 2 1 1 4
357,Vestjyllands Storkreds,Nicklas Stampe,Raabjerg,Å,5 1 5 1 5 2 5 1 5 5 4 5 5 1 4 1 5 1 2 5 1 2 1 2 4
358,Vestjyllands Storkreds,Steffen,Tolstrup,Å,5 2 5 1 4 4 5 1 4 5 4 5 5 1 5 1 5 1 2 4 2 2 1 1 5
359,Østjyllands Storkreds,Torsten,Gejl,Å,5 1 5 1 4 1 5 1 1 5 4 5 5 1 5 2 5 1 1 5 2 5 1 1 5
360,Østjyllands Storkreds,Nikoline Erbs,Hillers-Bendtsen,Å,5 2 4 1 2 2 5 1 2 5 4 5 5 1 5 1 5 1 2 5 1 5 1 2 5
361,Østjyllands Storkreds,Juma Nellemann,Kruse,Å,5 5 1 4 2 4 2 2 4 4 5 5 2 5 1 5 1 2 4 4 4 1 1
362,Østjyllands Storkreds,Steffen Hedegaard Attermann,Brinch,Å,4 1 4 1 4 1 4 2 5 4 5 5 5 2 4 2 4 2 1 4 2 5 1 2 4
363,Østjyllands Storkreds,Mads Damgaard,Mortensen,Å,5 1 5 1 5 1 5 1 1 5 5 5 5 1 4 1 5 2 4 2 5 1 1 4
364,Sydjyllands Storkreds,Coco Mette Cecilie,Kjærgaard,Å,4 2 5 1 5 1 2 1 2 5 2 5 5 4 5 1 5 1 4 4 1 2 1 2 5
365,Sydjyllands Storkreds,Mikael,Winther,Å,5 1 4 1 5 1 5 1 1 5 5 5 5 1 5 1 5 1 2 5 1 4 1 4
366,Sydjyllands Storkreds,Hans Biering,Fonsbøl,Å,5 4 4 2 4 2 5 5 1 5 4 5 5 2 4 1 5 2 4 2 2 4 1 2 4
367,Sydjyllands Storkreds,Carsten,Sohl,Å,5 1 5 2 5 2 5 1 1 4 2 5 5 1 4 1 5 4 4 4 4 4 2 4 2
368,Sydjyllands Storkreds,Mikael,Hertig,Å,5 1 5 1 5 2 1 1 5 5 5 1 2 2 5 1 4 4 2 1 2 5
369,Sydjyllands Storkreds,Bo,Nielsen,Å,5 1 1 1 5 1 5 1 5 5 5 5 5 1 5 1 5 5 4 1 1 5 1 1 1
370,Sydjyllands Storkreds,Edvard,Korsbæk,Å,5 1 5 1 4 1 4 1 2 5 4 5 5 1 5 1 5 1 2 4 1 4 1 4 4
371,Sydjyllands Storkreds,Astrid,Fogh,Å,2 2 4 2 5 2 5 2 2 5 4 5 5 1 5 1 5 1 2 4 2 5 2 1 4
372,Sydjyllands Storkreds,Ane Line,Søndergaard,Å,4 2 1 1 4 1 4 1 1 5 2 5 5 1 5 1 5 1 1 5 2 2 1 2 4
373,Fyns Storkreds,Linda,Frølund,Å,5 2 4 1 4 2 4 1 2 5 4 5 5 2 4 2 4 2 2 4 4 5 2 1 4
374,UNKNOWN,,,,
375,Fyns Storkreds,Jacob,Holm,Å,5 1 5 2 5 1 2 1 1 5 4 5 5 5 4 1 5 1 2 4 4 5 1 1 1
376,Fyns Storkreds,Maria,Dalum,Å,4 4 5 2 5 1 5 1 2 5 5 5 5 1 5 1 5 2 1 4 2 2 2 1 5
377,Fyns Storkreds,Ole Dupont,Kofod,Å,5 4 5 1 5 1 2 1 2 4 5 5 2 2 1 5 5 4 2 2 5 2 2 4
378,Fyns Storkreds,Martin,Kjærulff,Å,4 1 5 1 4 1 2 1 2 5 5 5 5 1 5 2 5 2 2 4 1 5 1 4 5
379,Fyns Storkreds,Bodil,Helbo,Å,2 2 5 1 5 2 5 2 1 5 4 5 5 1 5 1 4 2 4 2 2 4 1 4
380,Sjællands Storkreds,Sascha,Faxe,Å,5 1 4 1 4 2 5 1 1 5 4 5 5 2 4 1 4 1 2 4 2 4 1 2 4
381,Sjællands Storkreds,Mette,Friis,Å,5 1 5 1 5 1 4 1 2 5 5 5 5 1 5 1 4 2 2 2 1 4 2 2 2
382,Sjællands Storkreds,Yurdal,Cicek,Å,4 4 4 2 4 1 4 1 4 4 4 5 5 2 2 2 4 2 4 4 2 4 2 2 4
383,Sjællands Storkreds,Liselotte Katarina,Rotfeld,Å,2 1 4 1 5 1 5 1 4 5 4 5 5 1 5 1 4 2 4 1 5 2 2 4
384,Sjællands Storkreds,Allan Hansen,Lindemark,Å,5 1 5 1 4 1 5 1 2 5 4 5 5 1 5 1 5 2 1 2 2 4 1 1 4
385,UNKNOWN,,,,
386,Sjællands Storkreds,Jacob,Antvorskov,Å,5 1 5 1 5 2 4 1 1 5 4 5 5 2 4 1 5 4 4 2 2 2 1 1 5
387,UNKNOWN,,,,
388,UNKNOWN,,,,
389,UNKNOWN,,,,
390,Københavns Omegns Storkreds,Tim,Wodskou,Å,5 2 5 1 4 2 5 1 2 5 1 5 5 1 5 1 5 1 2 4 1 5 1 1 4
391,Københavns Omegns Storkreds,Peter,Samir,Å,4 2 2 1 2 4 2 1 5 4 2 5 5 2 5 1 2 1 2 5 2 2 1 4 4
392,Københavns Omegns Storkreds,Nana Løcke,Buttenschøn,Å,5 4 5 4 5 1 5 4 4 5 5 5 5 2 5 1 4 5 4 2 5 4 2 1 2
393,Københavns Omegns Storkreds,Jesper,Callesen,Å,5 2 5 1 4 1 2 1 2 5 2 5 5 1 5 1 5 1 2 2 2 5 2 1 5
394,Københavns Omegns Storkreds,Thomas,Anker,Å,5 1 5 1 4 1 1 5 5 5 5 5 1 1 5 1 4 1 4 5
395,UNKNOWN,Franciska,Rosenkilde,Å,4 2 5 1 4 2 4 1 2 5 4 5 5 1 5 1 5 1 2 4 1 5 2 2 4
396,Københavns Storkreds,Roger Courage,Matthisen,Å,4 4 4 1 5 1 5 1 1 5 5 5 5 1 5 1 5 1 1 4 1 5 2 1 4
397,Københavns Storkreds,Jiesper Tristan,Pedersen,Å,4 2 4 1 4 2 4 1 1 5 4 5 5 1 4 1 5 2 2 4 2 4 1 2 4
398,Københavns Storkreds,Jan,Kristoffersen,Å,4 1 4 1 4 2 2 1 4 4 4 5 5 2 2 1 4 1 2 2 2 2 2 2 2
399,Københavns Storkreds,Mikkel,Bahl,Å,5 1 5 1 4 1 5 1 1 5 4 5 5 1 5 1 5 2 1 5 2 1 1 1 5
400,Københavns Storkreds,Mette,Bram,Å,4 4 5 1 2 2 4 1 4 5 4 5 5 2 5 2 5 4 1 4 2 4 2 4 2
401,UNKNOWN,,,,
402,UNKNOWN,,,,
403,Københavns Storkreds,Peter Martin,Jakobsen,Å,5 2 4 1 4 1 4 1 1 5 2 5 5 1 5 1 5 1 2 4 2 4 1 2 4
404,Københavns Storkreds,Anders,Sørensen,Å,5 1 5 1 5 1 5 1 4 5 5 5 1 5 1 5 2 1 4 1 5 1 2 5
405,UNKNOWN,,,,
406,Københavns Storkreds,Catharina Næsby,Malkki,Å,4 4 5 1 4 2 4 2 2 5 5 5 5 1 5 1 4 4 2 4 2 5 2 4 1
407,Københavns Storkreds,Nikolai Eskild,Jensen,Å,4 1 4 1 4 5 1 4 5 5 5 5 1 2 1 5 2 4 1 4 1 1 4
408,Københavns Storkreds,Vibeke,Frost,Å,4 1 2 1 4 1 5 1 1 5 1 5 5 1 5 1 5 1 4 5 1 5 2 1 2
409,Nordsjællands Storkreds,Helene,Brydensholt,Å,4 2 4 1 4 2 4 1 1 5 4 5 5 1 4 1 5 1 2 4 1 5 2 1 4
410,Københavns Storkreds,Qasam Nazir,Ahmad,Å,4 1 5 1 5 1 4 1 1 5 2 5 5 1 5 1 5 1 1 5 2 5 1 1 2
411,Nordsjællands Storkreds,Tine Loft,Thomsen,Å,4 1 4 1 4 1 5 1 4 5 2 4 5 1 5 1 5 1 1 2 2 5 2 2
412,Nordsjællands Storkreds,Simon,Rigét,Å,5 1 4 2 4 2 4 1 2 5 5 5 4 4 1 1 4 5 2 2 4 2 1 2 5
413,Nordsjællands Storkreds,Nanna,Høyrup,Å,5 2 5 1 5 2 4 1 2 5 5 5 5 1 4 1 5 2 2 4 1 5 1 1 2
414,Nordsjællands Storkreds,Morten Hvidberg,Greve,Å,4 4 2 4 2 2 4 2 4 2 5 5 5 2 5 1 4 2 2 4 4 4 1 2 4
415,UNKNOWN,Mariane,Lunden,Å,
416,Nordsjællands Storkreds,Rasmus,Harning,Å,5 1 4 1 5 1 2 1 2 5 2 5 5 1 5 1 5 1 1 5 1 5 1 1 5
417,Bornholms Storkreds,Birthe Tindbæk,Bredo,V,1 4 2 2 5 1 1 5 4 2 5 4 4 5 4 4 1 2 4 2 2 5 4 2 2
418,Bornholms Storkreds,Niklas,Stenbye,V,2 1 4 4 5 4 1 4 4 2 4 4 2 4 2 2 4 5 2 4 5 4 2 2
419,Bornholms Storkreds,Peter,Juel-Jensen,V,1 1 2 4 4 4 1 5 4 1 4 4 2 4 4 1 1 4 5 2 5 5 4 2 2
420,Fyns Storkreds,Amanda,Heitmann,V,2 1 4 5 4 4 1 4 5 2 4 4 2 4 2 4 2 5 5 2 5 4 4 2 2
421,Fyns Storkreds,Anja,Lund,V,1 1 2 4 5 4 1 5 4 1 4 4 2 2 4 4 1 5 5 2 5 5 5 2 2
422,Fyns Storkreds,Marlene,Ambo-Rasmussen,V,2 2 2 5 4 2 2 5 4 2 5 4 2 4 4 4 2 5 4 2 4 5 4 2 2
423,Fyns Storkreds,Nikolaj Leed,Henriksen,V,2 1 1 2 5 1 4 4 2 4 2 5 2 2 2 2 2 4 4 2 4 2 4
424,Fyns Storkreds,Sofie,Mosgaard,V,1 1 2 2 4 4 1 4 4 2 4 2 4 4 2 2 2 4 2 4 4 4 4 2 4
425,Fyns Storkreds,Torben,Povlsen,V,1 1 2 4 4 4 1 5 4 1 4 2 2 4 4 5 1 5 5 2 5 5 4 2 4
426,Københavns Storkreds,Anders,Fausbøll,V,4 1 2 2 4 1 4 5 2 5 4 2 5 4 2 1 4 2 2 4 2 2 2
427,Københavns Storkreds,Claus,Buch,V,2 4 2 5 2 4 2 5 4 2 2 4 2 4 4 2 2 5 4 2 4 5 4 4 2
428,Københavns Storkreds,Jan E.,Jørgensen,V,1 1 2 4 1 4 1 4 5 1 4 4 4 4 4 1 1 5 4 2 5 5 2 2 2
429,Københavns Storkreds,Linea,Søgaard-Lidell,V,1 1 2 4 2 4 1 5 5 2 4 4 4 4 4 1 1 4 4 4 4 4 4 2 2
430,Københavns Storkreds,Malene,Sandfeld,V,1 1 2 5 2 4 1 5 4 1 4 5 2 4 5 2 2 5 4 1 5 5 4 2 2
431,Københavns Storkreds,Natascha,Remvig,V,1 1 2 2 2 4 1 5 4 1 4 4 4 4 4 1 1 5 2 2 5 4 4 2 2
432,Københavns Storkreds,Zeynep,Bardakci,V,1 1 2 4 4 4 1 5 4 2 4 5 2 4 4 1 1 5 5 2 5 5 4 1 2
433,Københavns Omegns Storkreds,Anders Bo,Larsen,V,1 1 2 4 2 2 1 2 4 2 4 5 2 4 4 4 2 4 5 2 4 4 2 2 4
434,Københavns Omegns Storkreds,Astrid,Søborg,V,1 1 2 4 2 4 1 4 4 2 4 5 2 4 2 2 2 4 4 2 5 4 4 2 2
435,Københavns Omegns Storkreds,Christopher,Blomsterberg-Thaysen,V,1 1 2 5 4 4 1 5 5 1 5 5 4 4 5 1 1 5 1 5 2 4 1 2
436,Københavns Omegns Storkreds,Kim,Valentin,V,1 1 2 4 1 4 1 4 4 2 4 5 4 4 4 1 1 4 2 4 4 5 2 2 4
437,Københavns Omegns Storkreds,Maria,Ladegaard,V,1 1 2 4 2 4 1 4 4 4 5 5 4 5 1 1 1 5 4 4 5 5 4 2 4
438,Københavns Omegns Storkreds,Marie,Brixtofte,V,2 1 2 4 1 4 1 2 4 2 2 5 4 4 5 2 1 4 4 2 4 2 2 2 2
439,Københavns Omegns Storkreds,Ricki,Vejsmose,V,2 2 4 2 4 2 1 2 4 2 4 4 2 4 2 2 2 4 5 2 5 5 4 4 2
440,Nordjyllands Storkreds,Anita Vivi,Lilholt,V,1 1 5 2 5 2 1 4 5 4 4 4 2 5 1 4 2 4 4 4 2 4 2 2 1
441,Nordjyllands Storkreds,Anne Honoré,Østergaard,V,1 1 2 4 4 4 1 4 4 2 4 4 2 4 5 4 2 4 4 2 4 2 4 2 4
442,UNKNOWN,Hans Jørgen,Adamsen,V,
443,Nordjyllands Storkreds,Marie,Bjerre,V,4 1 2 4 5 4 1 4 5 1 4 4 2 4 4 2 2 5 5 2 5 2 2 2 4
444,Nordjyllands Storkreds,Mikkel,Bisgaard,V,2 1 2 5 4 2 1 4 4 2 4 4 2 4 2 4 2 5 4 4 5 1 1 2 2
445,UNKNOWN,Niels H.,Bünemann,V,2 1 1 4 4 2 1 4 4 2 4 4 2 4 2 2 1 5 2 2 4 2 2 4 2
446,Nordjyllands Storkreds,Phillip,Sperling,V,4 2 2 1 4 4 1 2 4 1 4 5 4 4 4 1 2 1 4 2 4 1 0 2 4
447,Nordjyllands Storkreds,Preben Bang,Henriksen,V,1 1 4 5 4 2 1 5 5 2 4 4 2 4 5 1 2 4 4 4 5 4 5 4 5
448,Nordjyllands Storkreds,Torsten Schack,Pedersen,V,1 1 2 4 5 4 1 5 5 1 4 4 1 4 2 4 1 5 5 2 5 4 4 2 2
449,Nordsjællands Storkreds,Hans,Andersen,V,1 1 2 4 2 4 1 5 4 1 4 4 2 4 4 1 1 5 5 2 5 5 4 2 2
450,Nordsjællands Storkreds,Katarina,Ammitzbøll,V,1 1 4 4 1 4 1 2 4 2 4 5 4 4 4 2 1 4 4 2 4 5 2 2 4
451,Nordsjællands Storkreds,Marianne,Lynghøj,V,1 1 2 4 2 4 1 2 4 2 4 4 4 4 4 2 2 4 4 2 4 5 4 2 4
452,Nordsjællands Storkreds,Sophie,Løhde,V,1 1 2 4 2 4 1 5 4 1 4 5 2 4 5 4 1 5 4 2 5 5 4 2 2
453,Nordsjællands Storkreds,Tue,Villebro,V,1 1 1 2 2 5 1 2 4 2 2 5 2 4 5 2 1 5 4 4 5 5 2 2 5
454,Sjællands Storkreds,Christian Friis,Bach,V,1 1 2 1 4 4 1 2 4 2 4 5 2 4 4 1 1 4 5 2 2 4 1 5 2
455,Sjællands Storkreds,Claus,Bakke,V,1 1 1 4 4 4 1 5 4 2 4 2 2 4 4 1 1 5 5 2 4 5 4 2 2
456,Sjællands Storkreds,Iben,Krog,V,2 2 2 4 5 2 2 4 4 2 4 4 2 4 4 4 2 4 4 4 4 4 2 2 4
457,Sjællands Storkreds,Jacob,Jensen,V,2 1 2 4 4 4 1 5 4 1 4 4 2 5 4 4 1 5 5 2 5 5 4 4 2
458,Sjællands Storkreds,Josefine,Paaske,V,2 2 4 4 2 2 2 4 4 2 4 2 2 4 2 4 2 4 4 2 4 4 4 2 2
459,Sjællands Storkreds,Louise,Elholm,V,1 1 2 4 4 4 1 5 5 2 4 4 2 4 2 2 1 5 5 2 5 2 4 2 2
460,Sjællands Storkreds,Marcus,Danielsson,V,1 1 2 4 5 4 1 4 4 2 4 4 2 4 4 1 1 4 1 2 5 5 4 2 2
461,UNKNOWN,Michael,Schjelde,V,
462,Sjællands Storkreds,Morten,Dahlin,V,1 1 2 4 4 4 1 5 5 1 4 4 2 4 4 2 2 5 4 2 5 4 4 2 2
463,Sjællands Storkreds,Rasmus,Hylleberg,V,4 1 4 5 2 4 1 2 5 4 4 4 2 4 4 1 2 4 5 4 4 2 4 2 2
464,Sjællands Storkreds,Thorbern Alexander,Klingert,V,2 1 2 5 2 4 2 4 4 2 4 4 2 4 4 4 2 5 4 2 4 4 4 2 4
465,Sydjyllands Storkreds,Anni,Matthiesen,V,1 1 2 4 5 4 1 4 4 2 2 4 2 4 4 2 1 4 5 2 5 5 4 4 2
466,Sydjyllands Storkreds,Christoffer Aagaard,Melson,V,1 1 2 1 4 4 1 4 4 2 2 4 1 4 4 2 1 4 4 4 5 5 4 2 4
467,Sydjyllands Storkreds,Jesper,Bierbaum,V,1 1 2 4 4 4 1 5 4 1 4 4 2 4 4 1 1 5 5 2 5 5 4 2 2
468,Sydjyllands Storkreds,Klaus,Sandfeld,V,1 1 4 5 4 2 1 4 4 1 4 5 2 4 4 1 1 5 4 4 4 5 4 4 5
469,Sydjyllands Storkreds,Lasse,Hildingberg,V,1 1 4 4 4 2 1 5 2 1 5 4 2 4 4 1 1 5 5 4 5 5 5 1 5
470,Sydjyllands Storkreds,Niels Henning,Bladt,V,2 2 2 4 4 2 2 4 5 2 4 4 2 4 4 2 4 5 4 4 4 2 2 2 4
471,Sydjyllands Storkreds,Preben,Friis-Hauge,V,1 1 2 4 4 2 1 4 4 1 4 4 2 4 4 2 1 5 5 2 4 5 4 2 2
472,Sydjyllands Storkreds,Stephanie,Lose,V,1 1 2 4 4 4 1 5 4 1 4 4 2 4 4 1 1 5 5 2 5 5 4 2 2
473,Sydjyllands Storkreds,Thomas,Andresen,V,1 1 2 4 4 4 1 4 4 1 4 5 2 4 4 1 1 5 5 2 5 5 4 2 2
474,Sydjyllands Storkreds,Tilde Holch,Duedahl,V,1 1 2 4 4 4 2 5 4 2 4 4 2 4 4 2 1 5 5 4 5 5 4 2 2
475,Sydjyllands Storkreds,Tobias,Jørgensen,V,1 2 2 4 2 2 1 4 4 1 2 2 2 4 4 4 2 5 5 4 4 5 4 2 4
476,Sydjyllands Storkreds,Troels,Overgaard,V,4 5 5 5 4 1 4 5 4 5 5 5 4 5 5 5 4 5 5 4 4 5 4 4 5
477,Vestjyllands Storkreds,Erik,Flyvholm,V,1 1 2 4 5 4 1 4 1 1 2 4 2 4 4 2 1 5 5 2 5 5 2 2 2
478,Vestjyllands Storkreds,Frederik Houmann,Thuesen,V,2 1 2 4 4 4 2 4 4 2 4 4 2 4 2 4 2 4 4 2 4 5 4 2 4
479,UNKNOWN,Gert,Bækgaard,V,1 1 1 4 5 4 2 4 4 2 4 4 2 4 5 1 2 5 4 2 2 5 4 2 2
480,Vestjyllands Storkreds,Jarl,Matthiesen,V,2 2 2 2 4 4 2 2 4 4 4 4 2 4 4 4 2 4 2 4 2 4 4 4 2
481,Vestjyllands Storkreds,Morten,Høgh,V,1 1 2 5 4 4 1 4 5 1 4 4 2 4 4 2 1 5 5 2 5 2 4 2 2
482,Vestjyllands Storkreds,Ralf,Høgedal,V,2 1 1 2 4 2 1 4 4 2 4 5 2 4 5 2 1 4 4 4 4 4 5 4 5
483,UNKNOWN,Søren,Gade,V,1 1 2 4 4 2 1 5 4 1 4 4 2 4 4 5 1 5 5 2 5 5 4 2 2
484,Vestjyllands Storkreds,Thomas,Danielsen,V,1 1 2 4 5 4 4 5 5 2 4 2 2 5 5 2 1 5 4 5 4 5 4 2 2
485,Vestjyllands Storkreds,Trine,Jepsen,V,2 2 2 4 2 4 2 4 4 2 2 4 2 2 4 2 2 4 4 4 2 4 4 2 2
486,Østjyllands Storkreds,Emil M. D.,Christensen,V,2 1 2 4 2 4 2 4 4 2 4 4 4 5 2 4 2 4 2 4 4 2 4 1 4
487,Østjyllands Storkreds,Erik Veje,Rasmussen,V,1 1 1 4 2 4 1 4 4 4 4 4 2 4 4 1 1 5 4 2 4 4 2 4 2
488,Østjyllands Storkreds,Gert,Bjerregaard,V,1 1 1 5 2 4 1 5 4 1 4 4 2 4 4 1 1 5 5 1 5 5 4 1 2
489,Østjyllands Storkreds,Karina,Aamann,V,1 2 2 4 2 4 1 4 4 2 4 5 2 4 5 4 2 4 4 4 4 5 2 2 4
490,Østjyllands Storkreds,Louise,Høeg,V,1 1 2 4 4 4 1 5 4 1 4 4 2 4 4 1 1 5 5 2 4 5 4 2 2
491,Østjyllands Storkreds,Mathilde Hjort,Bressum,V,1 1 1 1 2 4 1 4 5 1 4 5 4 5 4 1 1 1 2 5 4 5 4 2 5
492,Østjyllands Storkreds,Sebastian,Støckler,V,1 1 1 4 1 2 1 4 5 2 4 5 4 4 2 4 2 5 4 4 4 2 4 2 2
493,Østjyllands Storkreds,Troels Lund,Poulsen,V,1 1 2 4 4 4 1 5 4 1 4 4 2 4 4 1 1 5 5 2 5 5 4 2 2
494,Bornholms Storkreds,Kirstine,van Sabben,M,4 2 1 4 5 2 2 1 4 2 4 5 2 2 4 4 2 4 4 4 4 5 4 4 4
495,Fyns Storkreds,Lars,Aagaard,M,4 1 2 2 4 2 1 1 4 2 2 5 4 4 4 1 1 2 4 4 4 4 2 5 4
496,Fyns Storkreds,Rosa,Eriksen,M,2 1 1 2 4 4 1 1 4 2 4 4 4 4 4 2 1 2 4 4 4 4 2 5 4
497,Københavns Storkreds,Jakob,Engel-Schmidt,M,2 1 2 2 2 2 2 2 4 2 4 5 4 5 4 2 2 4 2 4 4 5 2 5 4
498,Københavns Storkreds,Nanna W.,Gotfredsen,M,4 1 2 4 4 2 1 4 2 2 5 4 2 2 1 2 4 4 2 4 2 5 4
499,Københavns Storkreds,Ali,Qais,M,2 4 5 4 4 1 4 2 4 2 5 5 4 2 5 5 2 4 5 2 4 5 2 5 4
500,Københavns Storkreds,Ellen,Emilie,M,4 1 2 2 4 4 2 1 2 4 4 5 4 4 2 2 2 4 2 4 2 5 2 5 5
501,Københavns Storkreds,Lisbeth Dam,Larsen,M,2 1 2 2 4 4 2 1 4 4 4 5 4 4 1 1 4 5 4 4 1 5 4
502,Københavns Storkreds,Mads,Sebbelov,M,2 1 2 2 2 1 1 2 5 4 4 5 2 4 5 4 2 4 4 4 2 4 2 5 2
503,Københavns Omegns Storkreds,Monika,Rubin,M,2 1 2 2 4 1 1 4 2 4 5 4 4 5 1 2 1 2 5 4 4 2 5 4
504,Københavns Omegns Storkreds,Karan,Khosla,M,4 2 2 4 1 4 2 2 4 2 4 5 2 2 4 2 1 4 2 4 4 4 1 5 4
505,Københavns Omegns Storkreds,Özkan,Kocak,M,2 2 2 2 4 2 1 2 2 4 5 4 4 2 2 2 4 4 2 4 4
506,Københavns Omegns Storkreds,Dorthe,Beck-Nyling,M,2 1 1 2 4 4 1 1 4 2 4 5 4 4 4 2 1 2 4 4 4 4 2 5 4
507,Københavns Omegns Storkreds,Frederik Lau,Petersen,M,2 1 2 2 4 4 1 1 5 2 2 5 4 4 4 1 1 2 4 4 4 5 2 5 4
508,Københavns Omegns Storkreds,Betina,Asbæk,M,2 1 2 2 4 4 1 2 2 2 2 5 4 4 4 2 1 4 4 4 4 4 2 5 4
509,Nordjyllands Storkreds,Mohammad,Rona,M,2 2 2 2 4 4 1 2 5 2 2 5 4 4 4 2 2 2 5 4 4 5 2 5 2
510,Nordjyllands Storkreds,Line,Randa,M,4 2 2 1 4 4 2 1 4 2 2 4 2 2 4 2 2 4 2 4 4 2 5 2
511,Nordjyllands Storkreds,Nikolaj C.,Andersen,M,2 1 1 2 4 4 1 1 4 2 2 5 4 4 4 2 1 2 5 4 4 4 2 5 4
512,Nordjyllands Storkreds,Morten,Arvidsson,M,4 2 2 5 4 1 1 4 4 2 5 4 2 1 1 2 4 4 4 5 1 5 2
513,Nordsjællands Storkreds,Rasmus,Lund-Nielsen,M,4 1 2 4 2 2 1 2 4 2 2 5 2 4 4 2 1 2 4 4 4 4 2 4 4
514,Nordsjællands Storkreds,Charlotte,Haagendrup,M,4 1 4 4 4 2 1 2 4 4 1 5 2 4 4 2 1 2 4 4 4 4 2 5 4
515,Nordsjællands Storkreds,Andreas,Raben,M,4 1 2 2 4 4 4 1 4 2 2 5 5 2 4 2 2 2 4 4 4 4 2 5 4
516,Sjællands Storkreds,Lars Løkke,Rasmussen,M,2 1 1 2 4 4 1 1 4 4 4 5 4 4 4 2 2 2 2 5 4 4 1 5 4
517,Sjællands Storkreds,Charlotte,Bagge,M,2 1 1 2 5 5 1 1 4 1 4 4 4 5 4 4 1 2 4 4 4 4 2 5 4
518,Sjællands Storkreds,Kasper,Nygaard,M,2 2 2 4 4 4 1 1 2 2 2 5 4 4 4 2 2 2 4 4 4 4 2 5 2
519,Sjællands Storkreds,Frida Qvist,Kristensen,M,2 1 1 2 4 4 1 1 2 2 2 5 4 4 4 2 1 2 4 4 2 4 2 5 4
520,Sjællands Storkreds,Jan,Carlsen,M,1 2 2 4 2 4 1 2 4 2 2 5 2 4 4 2 2 5 2 4 5 4 1 5 1
521,Sjællands Storkreds,Mogens,Haugaard,M,4 1 2 2 4 2 2 2 4 4 2 4 2 4 4 2 2 4 2 2 2 4 2 0 4
522,Sjællands Storkreds,Mia Linda,Møller,M,2 1 2 2 4 4 2 1 4 4 2 5 4 4 5 4 2 1 2 2 2 5 1 5 4
523,Sydjyllands Storkreds,Henrik,Frandsen,M,4 1 2 2 2 4 1 1 2 2 4 5 2 4 4 2 2 4 4 4 2 5 2 5 4
524,Sydjyllands Storkreds,Frida,Bruun,M,2 1 2 1 4 2 2 2 4 4 4 4 2 2 4 4 2 4 2 4 4 4 2 5 4
525,Sydjyllands Storkreds,Gitte Bjerremand,Andersen,M,2 1 1 2 4 4 1 1 4 2 2 5 4 4 4 2 1 2 4 4 4 4 2 5 4
526,Sydjyllands Storkreds,Morten,Hell,M,2 1 2 2 4 2 1 1 4 4 2 5 4 4 4 2 1 2 4 4 4 4 2 5 4
527,Vestjyllands Storkreds,Morten E.G.,Brautsch,M,2 1 2 2 4 4 1 1 4 2 2 4 2 5 4 1 2 1 4 5 4 5 2 5 4
528,Vestjyllands Storkreds,Martin,Sanderhoff,M,2 1 1 2 5 4 1 1 4 2 2 5 4 4 4 2 1 2 4 5 4 4 2 5 4
529,Vestjyllands Storkreds,Jeppe,von Berg,M,2 2 2 2 4 4 2 2 4 2 2 5 4 4 2 1 2 2 2 4 4 4 2 5 4
530,Vestjyllands Storkreds,Michael,Nielsen,M,4 1 2 2 4 4 2 1 4 2 4 4 4 4 4 1 2 2 2 4 2 1 1 5 5
531,Østjyllands Storkreds,Christina,Egelund,M,2 1 2 2 4 4 1 1 4 2 2 5 4 4 4 4 1 2 4 5 4 5 1 5 4
532,Østjyllands Storkreds,Caroline,Stage,M,2 1 1 2 2 4 1 1 5 2 2 5 2 4 4 2 1 2 4 4 4 5 2 5 4
533,Østjyllands Storkreds,Peter,Have,M,4 1 1 1 4 2 4 1 2 2 4 4 4 4 4 2 1 4 4 4 2 1 1 5 4
534,Østjyllands Storkreds,Henrik Rejnholt,Andersen,V,1 1 2 4 4 4 1 5 5 1 4 4 2 4 4 1 1 5 5 2 5 5 4 2 2
535,Østjyllands Storkreds,Susan,Kronborg,M,2 2 4 2 2 4 2 2 2 2 4 5 4 4 4 2 4 2 4 2 4 2 2 5 4
536,Østjyllands Storkreds,Søren,Vanting,M,2 2 4 2 4 4 2 2 4 4 4 4 4 2 4 2 2 4 4 4 4 2 2 5 4
537,Østjyllands Storkreds,Sara Pernille,Jespersen,M,2 1 1 2 4 4 1 1 4 2 2 5 4 4 5 2 1 1 4 4 4 5 1 5 1
538,Østjyllands Storkreds,Sten,Larsen,M,2 1 2 4 5 4 1 2 4 2 2 5 4 5 4 5 2 4 4 5 4 5 2 5 4
539,Københavns Storkreds,Lisbeth,Bech-Nielsen,F,5 1 5 2 4 2 5 1 2 4 5 5 5 1 4 1 4 4 1 2 4 4 1 1 2
540,Københavns Storkreds,Carl,Valentin,F,5 1 5 1 4 1 5 1 2 5 2 5 5 1 5 1 5 1 2 2 2 5 1 1 4
541,Københavns Storkreds,Nanna,Bonde,F,4 1 5 1 2 1 5 1 2 5 4 5 5 1 4 1 4 2 2 2 4 4 1 1 4
542,Københavns Storkreds,Sadek,Al-Amood,F,5 2 5 2 4 1 4 2 2 4 4 5 5 1 4 2 5 2 2 2 2 4 1 1 4
543,Københavns Storkreds,Halime,Oguz,F,4 1 4 2 4 1 4 2 2 4 4 5 5 2 4 2 4 5 2 1 4 4 1 1 1
544,Københavns Storkreds,Kasper Nordborg,Kiær,F,4 1 5 4 4 2 4 1 4 4 4 5 5 2 4 1 4 4 2 2 2 4 1 2 4
545,Københavns Storkreds,Rune,Palm,F,4 1 2 1 4 2 5 1 4 5 5 5 5 1 5 2 4 2 2 4 2 4 1 1 5
546,UNKNOWN,,,,
547,Københavns Storkreds,Cecilie Louise Balbay,Holdt,F,5 1 4 2 4 1 5 1 1 5 5 5 5 1 5 1 4 4 2 2 4 2 1 1 2
548,Københavns Storkreds,Mikkel Sammy,Christensen,F,4 2 4 1 4 1 5 1 1 5 4 5 4 1 5 1 4 2 1 2 2 4 1 1 4
549,UNKNOWN,Morten,Bering,F,
550,Københavns Storkreds,Bjarke Bisgaard,Yolal,F,5 1 5 2 4 1 5 1 4 4 5 5 1 5 1 5 4 2 1 4 5 1 1
551,Københavns Omegns Storkreds,Sigurd,Agersnap,F,5 1 5 2 4 1 5 1 2 5 4 5 5 1 4 1 5 2 2 2 4 5 1 2 2
552,Københavns Omegns Storkreds,Alexander Bruhn,Skjøth,F,4 1 5 2 4 1 4 1 1 5 5 5 4 2 4 2 4 2 2 4 5 1 1 2
553,Københavns Omegns Storkreds,Helene,Brochmann,F,5 1 5 2 2 1 5 1 1 5 2 5 5 1 5 1 4 2 2 2 4 1 1
554,UNKNOWN,,,,
555,Københavns Omegns Storkreds,Sofie F.,Villadsen,F,4 1 4 2 4 1 4 1 2 5 4 5 5 1 4 2 4 2 2 2 4 4 1 1 2
556,Københavns Omegns Storkreds,Niels,Haxthausen,F,5 1 5 1 5 2 5 1 1 5 2 5 5 1 4 1 4 1 2 4 2 2 1 1 4
557,Københavns Omegns Storkreds,Troels Stru,Schmidt,F,4 2 4 1 4 2 4 2 4 4 4 5 2 4 2 4 4 2 4 4 2 4
558,Københavns Omegns Storkreds,Vivi Nør,Jacobsen,F,4 2 5 2 5 1 4 1 2 4 4 5 5 2 5 2 4 2 2 2 4 4 2 2 2
559,UNKNOWN,,,,
560,Nordsjællands Storkreds,Marianne,Bigum,F,4 1 5 2 4 2 4 2 2 4 4 5 4 2 4 2 4 4 4 2 4 2 2 1 2
561,Nordsjællands Storkreds,Anja,Rosengreen,F,4 2 4 2 4 2 4 2 2 4 4 4 4 2 4 2 4 4 4 2 4 4 2 2 4
562,Nordsjællands Storkreds,Emil,Nielsen,F,4 1 5 2 4 2 5 1 4 4 4 5 5 2 4 1 5 2 2 4 2 4 1 1 5
563,Nordsjællands Storkreds,Anna,Poulsen,F,4 2 4 1 5 1 5 1 2 5 4 5 5 4 5 1 2 2 2 4 4 4 1 2 5
564,Nordsjællands Storkreds,Stina Egedius,Miller,F,4 2 5 1 2 1 5 1 4 4 5 5 4 2 4 1 2 2 4 4 1 4 1 2 2
565,Nordsjællands Storkreds,Elias Julius,Binggeli,F,5 1 5 1 4 1 5 1 2 5 5 5 5 1 5 1 4 1 2 4 2 4 1 1 4
566,Nordsjællands Storkreds,Jens,Skov,F,4 1 5 1 5 1 5 1 2 5 4 5 5 1 5 1 4 2 2 4 2 4 1 1 2
567,Bornholms Storkreds,Sebastian Bloch,Jensen,F,5 2 4 2 5 2 4 2 4 4 4 5 4 2 4 1 2 2 4 4 4 4 2 4 4
568,Bornholms Storkreds,Sofie,Christiansen,F,4 1 4 2 5 1 5 1 1 5 4 5 5 1 4 1 2 1 2 2 1 4 1 1 4
569,Sjællands Storkreds,Astrid,Carøe,F,5 1 5 2 5 1 5 1 2 4 5 5 5 1 4 1 4 4 2 2 2 4 1 1 4
570,Sjællands Storkreds,Anne Valentina,Berthelsen,F,5 1 5 2 5 1 4 1 2 4 4 5 4 1 4 2 4 4 2 1 4 4 1 1 2
571,Sjællands Storkreds,Mads,Olsen,F,5 1 5 2 4 1 5 2 2 4 5 5 5 2 4 2 4 4 2 2 4 4 2 1 2
572,Sjællands Storkreds,Kristine Amalie,Rostgård,F,4 2 4 2 4 2 4 2 2 5 4 5 4 2 4 2 4 4 2 2 4 4 2 1 2
573,Sjællands Storkreds,Claus,Jørgensen,F,5 1 5 2 5 1 5 1 1 5 4 5 5 2 5 1 4 4 2 4 2 5 1 2 4
574,Sjællands Storkreds,Michael,Graakjær,F,5 1 5 1 5 1 4 1 1 5 4 5 5 1 5 2 4 2 4 2 2 4 1 1 4
575,Sjællands Storkreds,Joan,Kragh,F,4 1 5 1 5 1 5 1 1 5 4 5 4 1 4 2 4 2 2 4 2 4 1 1 2
576,Sjællands Storkreds,Jeanne,Bergmansen,F,5 2 5 1 5 2 5 2 1 5 4 5 5 1 5 2 4 4 4 2 1 5 1 2 4
577,Sjællands Storkreds,Jesper,Hartøft,F,4 1 5 1 5 1 5 1 1 5 5 5 4 1 4 2 4 4 2 2 4 5 1 1 2
578,Fyns Storkreds,Lise,Müller,F,4 1 5 2 4 1 4 2 2 4 4 5 5 1 4 2 4 4 4 2 4 4 1 1 2
579,Fyns Storkreds,Karsten,Hønge,F,4 2 5 2 4 5 1 4 4 5 4 4 1 4 4 1 4 2 2
580,Fyns Storkreds,Suzette,Frovin,F,5 2 4 2 5 2 5 1 1 5 2 5 5 1 5 1 4 2 2 2 1 2 1 2 2
581,UNKNOWN,,,,
582,Fyns Storkreds,Simon Meyer,Off,F,4 1 5 2 4 1 5 1 2 4 5 5 5 1 5 2 5 4 2 2 2 4 1 1 2
583,Fyns Storkreds,Nynne,Printz,F,5 1 5 2 5 2 4 1 2 4 5 5 5 1 4 1 4 4 2 2 4 4 1 1 2
584,UNKNOWN,,,,
585,Sydjyllands Storkreds,Karina Lorentzen,Dehnhardt,F,4 1 5 2 4 2 4 1 2 5 4 5 4 1 4 2 4 4 4 1 4 4 1 1 2
586,Sydjyllands Storkreds,Sofus,Teislev,F,4 2 5 4 4 1 5 1 2 4 4 5 5 1 5 1 4 2 2 2 4 1 2 4
587,Sydjyllands Storkreds,Jørgen,Kvist,F,5 1 4 2 4 2 4 1 2 5 2 5 5 1 4 1 2 4 2 2 4 4 1 1 2
588,Sydjyllands Storkreds,Timm,Bøttger,F,5 1 5 2 4 1 4 1 1 4 5 5 5 1 4 2 4 4 4 2 4 4 2 1 2
589,Sydjyllands Storkreds,Christian Mutwa,Christensen,F,5 1 5 2 5 1 5 1 2 4 4 5 5 1 4 2 4 4 2 4 4 4 1 1 2
590,Sydjyllands Storkreds,Magnus,Flensborg,F,5 1 5 1 4 1 5 1 2 5 5 5 5 1 4 2 4 2 2 4 1 1 4
591,Sydjyllands Storkreds,Milo,Gaarde,F,4 2 5 1 4 1 5 1 2 5 4 5 5 1 4 2 4 2 2 2 2 4 1 1 4
592,Sydjyllands Storkreds,Ina Juul,Jensen,F,4 2 4 1 5 2 4 2 4 4 4 5 4 2 2 2 4 2 2 5 4 4 2 1 5
593,UNKNOWN,,,,
594,UNKNOWN,Susanne Blegvad,Posselt,F,
595,Østjyllands Storkreds,Kirsten Normann,Andersen,F,4 1 5 2 4 2 4 1 2 4 4 5 4 1 5 2 4 4 2 2 4 4 2 1 2
596,Østjyllands Storkreds,Sofie,Lippert,F,5 1 5 1 4 1 5 1 2 5 4 5 5 1 5 1 4 1 2 2 2 4 1 1 4
597,Østjyllands Storkreds,Charlotte Broman,Mølbæk,F,4 2 5 2 5 2 4 1 2 5 5 5 5 2 4 2 4 4 2 2 2 4 1 1 4
598,Østjyllands Storkreds,Anna,Brændemose,F,5 1 5 2 4 1 5 1 2 5 4 5 5 1 4 1 4 2 2 2 2 4 1 1 2
599,Østjyllands Storkreds,Charlotte,Vindeløv,F,4 1 5 2 4 2 5 1 2 4 4 5 5 1 5 2 4 4 2 2 4 4 1 1 2
600,Østjyllands Storkreds,Søren Lahn,Sloth,F,5 1 5 2 4 1 5 2 5 4 5 5 1 5 1 4 4 2 2 2 2 1 1 4
601,Østjyllands Storkreds,Morten Siig,Henriksen,F,5 1 5 2 5 2 5 1 1 4 2 5 5 1 5 1 4 1 4 2 2 4 1 1 4
602,Østjyllands Storkreds,Paw Hedegaard,Amdisen,F,4 1 4 2 4 2 5 1 2 4 5 4 1 4 1 2 4 2 4 4 1 2 2
603,UNKNOWN,,,,
604,Vestjyllands Storkreds,Signe,Munk,F,4 1 5 2 5 2 5 1 2 4 4 5 5 1 4 2 4 4 2 2 4 4 1 1 2
605,Vestjyllands Storkreds,Nils,Brøgger,F,5 1 5 2 4 2 5 1 1 4 4 5 5 2 5 1 4 4 4 2 2 5 1 1 2
606,Vestjyllands Storkreds,Emma Thorup,Jacobsen,F,4 1 5 1 5 2 5 2 2 4 4 5 5 2 2 1 4 2 2 2 2 4 1 1 1
607,Vestjyllands Storkreds,Bente,Refslund,F,4 1 5 2 5 1 5 1 2 5 1 5 5 1 5 1 2 4 4 4 5 4 1 1 2
608,Vestjyllands Storkreds,Anders,Bøge,F,5 2 5 2 4 2 4 2 2 4 2 5 4 1 4 2 4 4 4 4 2 5 2 1 2
609,Vestjyllands Storkreds,Niels Kristian,Larsen,F,5 1 5 1 4 1 4 1 2 4 5 5 5 1 4 2 4 4 4 2 4 4 1 1 4
610,Nordjyllands Storkreds,Theresa Berg,Andersen,F,4 2 5 5 5 1 4 2 2 5 5 5 4 1 5 2 4 4 5 2 2 5 2 1 1
611,Nordjyllands Storkreds,Melina,Andersen,F,4 2 5 2 5 1 5 1 2 4 5 5 5 1 4 2 4 4 4 1 4 4 1 1 1
612,Nordjyllands Storkreds,Dorte M.,Nielsen,F,4 2 4 2 5 2 2 1 1 4 5 5 1 4 2 2 5 2 4 4 4 1 1 1
613,Nordjyllands Storkreds,Benjamin,Christensen,F,5 2 5 1 4 1 5 2 2 4 4 5 5 2 4 2 2 1 4 2 2 4 1 2 4
614,Nordjyllands Storkreds,Morten Bo,Bertelsen,F,5 1 5 1 5 1 5 1 2 5 5 5 5 1 4 2 5 4 4 2 2 4 1 1 2
615,Nordjyllands Storkreds,Peder,Larsen,F,4 2 4 2 5 1 4 1 1 5 4 5 4 2 4 2 4 4 2 4 2 5 1 1 2
616,UNKNOWN,Henning,Jørgensen,F,5 2 5 1 5 1 5 1 1 5 2 5 5 1 4 1 5 1 1 4 1 4 1 1 2
617,UNKNOWN,Thomas,Kjeldsen,F,
618,Nordjyllands Storkreds,Anders,Vistisen,O,2 5 5 5 5 1 2 5 5 2 4 4 2 2 2 5 4 5 5 1 5 5 4 1 1
619,Nordjyllands Storkreds,Danny,Rosenkilde,O,1 4 5 5 5 1 2 4 5 4 5 4 2 2 4 5 2 4 5 1 4 5 4 1 2
620,Nordjyllands Storkreds,Thomas,Hjort,O,1 4 5 5 5 1 2 4 5 2 4 5 2 4 4 5 2 5 4 1 4 5 5 1 1
621,UNKNOWN,Jørgen,Hammer Sørensen,O,
622,Nordjyllands Storkreds,Emma Houe,Mølgaard,O,1 4 5 5 2 1 2 5 5 4 4 4 2 4 2 5 4 5 5 1 5 5 5 1 2
623,Vestjyllands Storkreds,Søren Boel,Olesen,O,4 4 5 5 4 1 2 4 5 4 4 4 4 4 2 5 4 5 5 1 5 5 5 1 1
624,UNKNOWN,Knud,Nielsen,O,
625,Vestjyllands Storkreds,Lone,Langballe,O,1 4 5 5 4 1 2 5 5 4 5 2 4 4 1 5 2 5 5 1 4 5 5 1 1
626,Vestjyllands Storkreds,Michelle,Sundahl,O,1 5 5 5 4 1 2 5 5 2 4 2 2 2 4 5 2 5 4 1 4 5 4 1 1
627,Vestjyllands Storkreds,Mikael,Würtz,O,1 2 5 5 5 1 2 5 5 2 5 4 1 1 5 5 1 5 5 1 2 5 5 1 1
628,Østjyllands Storkreds,Nick,Zimmermann,O,1 5 5 5 5 1 4 5 5 4 5 5 2 2 1 5 2 5 5 1 5 5 4 1 2
629,Østjyllands Storkreds,Michael,Nedersøe,O,2 4 5 5 4 1 2 5 4 2 4 4 1 4 2 5 1 5 5 1 5 5 4 1 2
630,UNKNOWN,Mercedes,Czank,O,
631,Østjyllands Storkreds,Jens Kannegaard,Lundager,O,4 4 5 5 5 1 1 5 5 1 5 4 1 2 4 5 2 5 5 1 5 5 5 1 1
632,Østjyllands Storkreds,Nana,Harring,O,2 4 5 5 4 2 2 5 4 2 5 5 2 4 2 5 4 5 4 1 4 5 5 1 1
633,Sydjyllands Storkreds,Peter,Kofod,O,2 4 5 5 5 1 2 5 5 2 5 4 2 4 2 5 2 5 5 1 5 5 5 2 2
634,Sydjyllands Storkreds,Rune,Bønnelykke,O,1 5 5 5 4 1 2 5 5 4 5 2 2 4 1 5 2 5 5 1 5 5 5 1 1
635,Sydjyllands Storkreds,Mads-Magnus,Damm,O,2 4 5 5 4 1 2 5 4 2 4 4 2 4 2 5 2 5 4 1 5 5 5 1 2
636,Sydjyllands Storkreds,Kim Andkjær,Doberck,O,1 5 5 5 2 1 2 5 5 2 5 5 2 2 4 5 4 5 5 1 5 5 5 1 1
637,Sydjyllands Storkreds,Jim,Zakaria,O,1 2 5 5 4 1 1 5 5 4 5 4 4 1 4 5 1 5 5 1 5 5 5 1 1
638,Sydjyllands Storkreds,Sune Nørgaard,Jakobsen,O,1 5 5 5 5 1 2 5 5 2 5 4 1 1 1 5 2 4 5 1 5 5 5 1 1
639,UNKNOWN,,,,
640,Sydjyllands Storkreds,Rune,Højer,O,1 5 5 5 5 1 2 5 5 2 5 2 1 4 1 5 4 5 5 1 5 5 5 1 1
641,Sydjyllands Storkreds,Per,Knudsen,O,2 4 5 5 4 1 2 5 5 4 4 4 4 4 2 5 4 5 5 1 5 5 5 1 2
642,Sydjyllands Storkreds,Josephine Alstrup,Kofod,O,1 4 5 5 4 1 2 5 4 2 5 4 2 4 2 5 2 5 5 1 4 5 5 1 1
643,Sydjyllands Storkreds,Tobias Brus,Mikkelsen,O,1 4 5 5 4 1 4 5 5 4 5 5 4 4 1 5 2 5 5 1 5 5 5 1 1
644,Sydjyllands Storkreds,Christian,Kirk,O,2 4 5 5 2 1 1 5 5 2 4 5 2 4 2 5 2 5 5 1 5 5 5 1 2
645,UNKNOWN,,,,
646,Fyns Storkreds,Alex,Ahrendtsen,O,1 4 5 5 4 1 1 5 5 1 2 5 1 2 4 5 1 5 5 1 5 5 5 1 1
647,Fyns Storkreds,Tobias,Weische,O,1 5 5 5 4 1 1 5 4 2 5 2 1 4 1 5 2 5 5 1 5 5 5 1 1
648,Fyns Storkreds,Romeo,Troelsgaard,O,1 5 5 5 2 1 2 5 5 4 5 5 2 4 2 5 4 5 5 1 4 5 5 1 1
649,Fyns Storkreds,Anne,Møllegaard Mortensen,O,1 4 5 5 4 1 2 5 4 4 2 4 4 4 2 5 2 5 5 1 4 5 4 1 2
650,Fyns Storkreds,Niels,Bolding,O,2 4 5 5 4 1 4 5 5 4 4 5 4 4 5 5 2 5 5 1 5 5 5 1 2
651,Sjællands Storkreds,Morten,Messerschmidt,O,2 4 5 5 2 1 2 5 4 2 5 4 2 4 2 5 4 5 5 1 5 5 4 1 2
652,Sjællands Storkreds,Anders,Bork,O,1 4 5 5 4 1 2 5 4 2 5 4 2 2 2 5 2 5 5 1 4 5 4 1 1
653,Sjællands Storkreds,Henrik,Brodersen,O,1 4 5 5 4 1 2 5 5 4 4 4 2 4 4 5 4 5 5 1 4 5 4 1 2
654,Sjællands Storkreds,Tanja,Glückstadt,O,1 5 5 5 5 1 2 5 5 4 4 2 4 2 1 5 4 5 5 1 5 5 5 1 1
655,Sjællands Storkreds,Søren Lund,Hansen,O,5 4 5 5 5 1 2 5 4 4 4 4 2 4 2 5 2 5 5 1 4 5 5 1 1
656,Sjællands Storkreds,Julie,Jacobsen,O,2 4 5 5 4 1 2 4 5 4 2 4 2 2 2 5 4 5 5 1 2 5 5 1 2
657,Sjællands Storkreds,Simon,Hampe,O,1 4 5 5 4 1 2 5 5 4 4 4 4 1 5 4 5 5 1 5 5 4 1 1
658,Sjællands Storkreds,Jan,Herskov,O,2 4 5 5 4 1 2 5 5 4 5 4 4 4 4 5 2 5 5 1 5 5 5 1 1
659,Sjællands Storkreds,Malte,Larsen,O,2 4 5 5 4 1 2 4 4 4 4 4 2 4 2 5 2 5 4 1 4 5 4 1 2
660,Sjællands Storkreds,Michael,Pihl,O,1 2 5 5 4 1 1 5 5 2 4 4 4 5 1 4 1 5 4 1 5 5 5 1 1
661,Nordsjællands Storkreds,Mette,Thiesen,O,1 4 5 5 1 1 2 5 5 2 4 4 2 4 2 5 2 5 5 1 4 5 5 1 2
662,Nordsjællands Storkreds,Pia,Adelsteen,O,1 5 5 5 4 1 1 4 5 2 4 2 2 4 1 5 1 5 5 1 1 5 4 1 1
663,Nordsjællands Storkreds,Mikkel,Hartwich,O,1 4 5 5 1 1 2 4 5 4 4 4 2 2 4 5 2 5 4 1 4 5 4 1 1
664,Nordsjællands Storkreds,Jette,Juul,O,4 4 5 5 2 1 2 5 5 2 2 4 2 4 4 5 2 5 5 1 5 5 5 1 1
665,Nordsjællands Storkreds,Brian Lyck,Jørgensen,O,2 5 5 5 2 1 4 4 5 4 4 4 2 2 2 5 2 4 5 1 4 5 5 1 1
666,Nordsjællands Storkreds,Ulla,Kokfelt,O,1 4 5 5 2 1 2 5 5 2 2 5 2 4 2 5 4 5 5 1 4 5 5 1 1
667,Nordsjællands Storkreds,Gert,Løfgren,O,1 5 5 5 2 1 2 5 5 2 1 4 2 4 4 5 2 5 5 1 5 5 4 1 1
668,UNKNOWN,,,,
669,Københavns Omegns Storkreds,Mikkel,Bjørn,O,2 4 5 5 4 1 2 5 4 2 4 4 2 4 2 5 2 5 4 1 4 5 4 1 1
670,Københavns Omegns Storkreds,Hans,Blaaberg,O,1 4 5 5 4 1 2 5 5 2 5 5 2 4 2 5 2 5 5 1 5 5 5 1 1
671,Københavns Omegns Storkreds,Mikkel,Dencker,O,1 4 5 5 4 1 1 5 5 2 5 5 2 2 2 5 1 5 5 1 5 5 5 1 1
672,Københavns Omegns Storkreds,Kim,Hammer,O,1 5 5 5 1 1 2 5 5 4 5 1 1 4 1 5 4 5 5 1 5 5 5 1 1
673,Københavns Omegns Storkreds,Tenna,Røberg,O,1 4 5 5 4 1 2 5 5 4 4 4 2 4 2 5 2 5 5 1 4 5 5 1 1
674,Københavns Omegns Storkreds,Zandra Thulstrup,Pihl,O,1 4 5 5 1 1 1 5 5 2 4 5 1 4 4 5 2 5 1 5 5 5 1 1
675,Københavns Omegns Storkreds,Michael,Jensen,O,1 4 5 5 2 1 2 5 4 4 5 5 2 2 1 5 2 5 5 1 5 5 5 1 1
676,Københavns Storkreds,Merete Dea,Larsen,O,2 4 5 5 4 1 2 5 5 1 4 5 4 2 2 5 2 5 5 1 4 5 4 1 1
677,Københavns Storkreds,Allan,Feldt,O,1 4 5 5 2 1 2 5 2 4 2 4 1 5 5 1 5 5 1
678,UNKNOWN,,,,
679,UNKNOWN,,,,
680,UNKNOWN,Paw,Karslund,O,1 5 5 5 2 1 2 5 4 2 2 5 4 2 1 5 2 4 4 1 2 5 4 1 1
681,UNKNOWN,,,,
682,Københavns Storkreds,Denise,Rostgaard,O,2 4 5 5 4 1 2 5 4 2 5 5 2 2 4 5 2 5 4 1 5 5 5 1 1
683,Bornholms Storkreds,Bo Vibe Ancher,Jensen,O,1 4 5 5 5 1 2 4 4 4 2 4 2 4 2 5 2 2 4 1 4 5 4 1 1
684,Nordjyllands Storkreds,Inger,Støjberg,Æ,1 2 5 5 5 2 1 5 4 1 5 2 2 4 2 5 2 5 5 1 5 5 5 1 1
685,Nordjyllands Storkreds,Kristian,Bøgsted,Æ,2 2 5 5 5 2 1 5 4 1 5 2 2 2 1 5 1 5 5 1 5 5 5 1 2
686,UNKNOWN,Kim Edberg,Andersen,Æ,1 2 5 5 5 2 1 5 4 1 4 2 2 4 2 5 1 5 5 1 5 5 5 1 1
687,Nordjyllands Storkreds,Liselotte,Lynge,Æ,1 2 5 5 5 2 1 5 4 1 4 2 2 4 2 5 1 5 5 1 5 5 4 1 1
688,Nordjyllands Storkreds,Frederik,Storm,Æ,1 4 5 5 4 1 1 5 5 2 5 5 2 4 1 4 4 5 5 2 5 5 5 1 4
689,Nordjyllands Storkreds,Claus,Skovmose,Æ,1 4 5 4 4 4 1 5 5 1 4 2 4 4 2 4 1 4 5 1 5 5 5 1 1
690,Vestjyllands Storkreds,Dennis,Flydtkjær,Æ,1 2 5 5 5 2 1 5 5 1 4 2 2 4 1 4 1 5 5 2 4 5 5 1 2
691,Vestjyllands Storkreds,Betina,Kastbjerg,Æ,1 2 5 5 5 2 1 5 4 1 4 2 2 4 2 5 1 5 5 1 5 4 5 1 1
692,Vestjyllands Storkreds,Mads,Fuglede,Æ,1 1 5 4 5 2 1 5 4 2 4 2 2 4 2 5 1 5 5 2 4 5 4 1 2
693,Vestjyllands Storkreds,Morten Vehl,Revsbeck,Æ,1 2 5 5 4 2 1 5 5 1 5 2 2 5 2 5 1 5 5 1 5 4 5 1 2
694,Vestjyllands Storkreds,Marcus Juul,Grønbæk,Æ,1 1 5 4 4 2 1 5 5 2 4 2 2 4 2 5 1 5 5 2 4 4 5 1 1
695,Vestjyllands Storkreds,Vivi,Altenburg,Æ,1 2 5 4 4 2 2 5 5 1 5 4 2 5 4 4 2 5 5 2 4 4 4 1 2
696,Østjyllands Storkreds,Hans Kristian,Skibby,Æ,1 2 5 4 5 2 1 5 5 1 4 2 1 4 1 5 2 5 5 2 4 5 5 1 2
697,Østjyllands Storkreds,Erik,Poulsen,Æ,1 1 5 4 5 1 4 4 1 4 2 2 4 2 5 1 5 4 2 4 5 4 1 2
698,Østjyllands Storkreds,Lone,Glarbo,Æ,2 2 5 4 4 2 1 5 4 2 5 4 4 4 1 5 1 5 4 1 4 4 5 1 1
699,Østjyllands Storkreds,Magnus,Bigum,Æ,1 2 5 5 5 2 1 5 5 1 5 2 2 4 1 5 1 5 5 1 5 5 5 1 2
700,Sydjyllands Storkreds,Kenneth Fredslund,Petersen,Æ,1 2 5 5 5 2 1 5 4 1 4 2 2 4 2 5 2 5 5 1 5 4 5 1 1
701,Sydjyllands Storkreds,Ulrik,Knudsen,Æ,1 2 5 5 4 2 1 5 4 1 4 2 2 4 2 5 1 5 5 1 5 5 5 1 1
702,UNKNOWN,,,,
703,Sydjyllands Storkreds,Patrick,Bryhl,Æ,2 2 5 5 5 2 1 5 5 1 4 2 2 4 1 5 1 5 5 1 5 5 5 1 1
704,Sydjyllands Storkreds,Thomas Majgaard,Byrsing,Æ,1 5 5 5 2 1 5 4 1 5 2 2 4 2 5 1 5 5 1 5 5 5 1 1
705,Østjyllands Storkreds,Rune,Mikkelsen,Æ,1 2 5 5 5 2 2 5 4 1 4 4 2 4 2 5 1 5 5 1 5 5 5 1 2
706,Sydjyllands Storkreds,Jakob Venø,Heiwald,Æ,1 2 5 5 5 2 1 5 5 1 5 2 2 4 2 5 1 5 5 1 4 5 4 1 1
707,Fyns Storkreds,Jens Henrik W. Thulesen,Dahl,Æ,1 2 5 5 5 2 1 4 4 1 2 2 4 4 2 4 1 5 5 1 5 5 4 1 1
708,Fyns Storkreds,Nikolaj,Vang,Æ,1 1 5 5 5 2 1 5 4 2 4 4 2 2 5 5 2 5 5 2 5 4 5 1 2
709,Fyns Storkreds,Vivian Lindberg,Larsen,Æ,1 1 5 5 5 2 1 5 4 2 5 5 2 2 4 5 2 5 5 2 5 5 5 1 1
710,Sjællands Storkreds,Peter,Skaarup,Æ,1 2 5 5 5 2 1 5 4 1 4 2 2 4 2 5 1 5 5 1 5 5 5 1 1
711,Sjællands Storkreds,Susie,Jessen,Æ,1 1 5 5 5 4 1 5 4 2 5 1 2 4 1 5 1 5 5 2 5 5 5 1 2
712,Sjællands Storkreds,Christian,Wibholm,Æ,1 2 5 4 5 4 1 4 4 2 5 2 1 5 2 5 1 5 4 5 4 2 1 2
713,Sjællands Storkreds,Michael,Rosenmark,Æ,1 2 5 5 5 1 2 5 4 1 4 4 4 2 4 5 1 5 5 1 5 5 4 1 1
714,Sjællands Storkreds,Dina,Person,Æ,2 4 5 5 4 2 1 5 5 1 5 2 2 2 2 5 1 5 4 1 4 5 5 1 2
715,UNKNOWN,Brian,Mørch,Æ,1 2 5 5 5 1 1 5 5 4 5 2 4 4 2 5 2 5 5 1 5 5 5 1 1
716,Sjællands Storkreds,John Brill,Engkebølle,Æ,1 2 5 5 5 2 1 5 4 1 4 2 2 4 2 5 1 5 5 1 5 5 5 1 1
717,Sjællands Storkreds,Martin Rahn,Johansen,Æ,2 2 5 5 4 2 2 5 4 1 4 2 2 4 2 5 1 4 5 1 4 4 4 2 2
718,Nordsjællands Storkreds,Marlene,Harpsøe,Æ,1 2 5 4 2 2 1 5 2 2 4 4 4 2 2 5 1 5 5 1 5 5 4 1 1
719,Nordsjællands Storkreds,Lars,Bregnbak,Æ,2 2 5 5 4 2 2 5 4 2 5 4 2 2 2 5 2 4 5 2 4 4 4 1 1
720,UNKNOWN,Maibritt,Nielsen,Æ,1 2 5 5 5 2 1 5 4 1 5 2 2 4 2 5 1 5 1 5 5 1 1
721,Nordsjællands Storkreds,Katrine,Schiller,Æ,1 2 5 5 4 2 1 5 4 1 4 2 2 2 2 5 1 5 5 1 4 5 5 1 1
722,Københavns Omegns Storkreds,Charlotte,Munch,Æ,2 2 5 5 4 2 1 5 4 1 5 2 2 4 2 5 1 5 4 1 5 5 5 1 1
723,Københavns Omegns Storkreds,Sebastian,Mylsted,Æ,1 2 5 5 4 2 1 5 5 1 4 4 2 4 1 5 1 5 5 1 5 5 5 1 1
724,Københavns Omegns Storkreds,Susanne,Damsgaard,Æ,1 2 5 5 5 2 1 5 4 1 2 2 4 4 5 1 5 5 1 5 5 5 1 1
725,Københavns Storkreds,Benny,Bindslev,Æ,1 2 5 5 4 1 1 5 4 1 5 4 2 4 1 5 1 5 5 1 5 4 5 1 1
726,Københavns Storkreds,Eva,Bechmann,Æ,1 2 5 5 4 1 1 5 4 2 4 2 2 4 4 5 1 5 4 1 5 5 5 1 1
727,Københavns Storkreds,Martin,Sibast,Æ,1 1 5 5 4 4 1 5 5 2 5 4 2 4 2 4 1 4 5 2 5 2 5 1 2
728,Bornholms Storkreds,Michael,Hendriksen,Æ,1 2 5 5 5 1 1 4 4 1 5 2 2 4 5 5 2 5 5 1 5 5 5 1 1
729,Sydjyllands Storkreds,Anders,Kronborg,A,2 2 4 2 5 1 5 2 2 4 4 4 2 2 2 1 4 2 2 4 4 1 2 2
730,Vestjyllands Storkreds,Anders,Andreasen,A,4 1 2 4 4 1 4 1 2 4 5 4 2 4 2 2 2 4 4 4 1 5 2
731,Nordjyllands Storkreds,Ane,Halsboe-Jørgensen,A,4 2 2 4 4 2 4 2 2 2 4 5 4 2 4 4 2 4 4 2 4 4 2 2 2
732,Vestjyllands Storkreds,Anne,Paulin,A,4 1 2 4 5 1 4 2 2 4 4 4 2 2 4 2 2 4 5 2 4 4 2 2 2
733,Sydjyllands Storkreds,Anne Catherine Hoxcer,Nielsen,A,2 1 5 4 5 1 5 1 1 5 2 5 4 1 4 2 2 4 4 1 5 4 1 2 4
734,Københavns Storkreds,Asbjørn,Reissmann,A,5 2 4 2 2 2 4 2 4 4 5 5 4 2 4 2 2 4 2 2 4 2 2 4
735,Sydjyllands Storkreds,Benny,Engelbrecht,A,2 2 4 4 4 2 4 2 4 2 4 5 4 2 4 2 2 4 4 2 4 5 2 4 2
736,Sydjyllands Storkreds,Birgitte,Vind,A,4 2 2 2 4 1 4 2 2 2 4 5 4 2 4 2 2 4 2 2 4 2 2 2
737,UNKNOWN,Bjørn,Laursen,A,
738,Fyns Storkreds,Bjørn,Brandenborg,A,4 2 4 4 5 2 4 4 4 2 4 5 2 2 4 4 2 4 4 2 4 4 2 2 2
739,Østjyllands Storkreds,Camilla,Fabricius,A,4 2 2 4 4 1 4 2 2 4 4 4 4 2 2 2 2 2 4 2 2 4 2 2 4
740,Sjællands Storkreds,Carl Emil,Lind,A,4 2 4 5 4 1 4 2 2 4 4 5 4 2 2 2 2 4 4 2 4 5 2 2 2
741,Sydjyllands Storkreds,Christian,Rabjerg Madsen,A,2 2 2 4 4 2 4 2 2 4 4 5 4 2 4 2 2 4 2 2 4 4 2 4 2
742,Bornholms Storkreds,Christian,Faurholdt Jeppesen,A,5 2 2 4 5 1 4 1 4 4 1 5 5 2 4 1 2 4 2 4 2 4 1 2 5
743,Østjyllands Storkreds,Dorthe,Hindborg,A,4 2 4 1 4 2 4 1 2 4 1 5 5 1 2 1 1 2 2 4 2 4 2 2 4
744,Københavns Storkreds,Erik,Jensen,A,5 1 2 4 4 2 4 2 2 4 4 5 4 2 4 2 2 4 2 4 4 2 2 2 4
745,Vestjyllands Storkreds,Eva,Borchorst Mejnertz,A,4 1 4 2 4 2 4 1 2 5 4 5 4 2 4 2 2 4 4 2 4 4 2 2 2
746,Nordsjællands Storkreds,Fie,Hækkerup,A,2 2 2 4 4 2 4 2 4 4 4 5 4 2 4 2 2 4 2 4 4 4 2 4 2
747,Sjællands Storkreds,Filiz Sarah,Thunø,A,2 1 5 1 5 1 5 1 4 4 5 5 5 1 5 1 1 1 1 2 5 5 1 1 5
748,Nordjyllands Storkreds,Flemming,Møller Mortensen,A,2 1 4 4 4 2 5 1 2 2 4 5 2 2 4 2 2 4 4 2 4 4 2 4 2
749,Sjællands Storkreds,Frederik,Vad,A,2 4 4 2 4 2 4 2 4 5 4 2 4 4 2 4 4 2 4 2 4 2
750,Københavns Omegns Storkreds,Gunvor,Wibroe,A,4 1 4 4 5 1 5 1 2 5 5 5 5 1 5 1 2 5 2 2 4 4 1 2 4
751,Nordsjællands Storkreds,Henrik,Møller,A,2 1 1 4 4 4 5 1 1 2 4 5 4 2 4 2 2 4 4 2 5 4 1 4 2
752,Københavns Storkreds,Ida,Auken,A,2 1 4 4 4 2 4 2 4 4 4 5 5 2 5 2 4 4 2 4 4 4 2 4 4
753,UNKNOWN,Jarl,Feyling,A,
754,Københavns Omegns Storkreds,Jens Anton,Tingstrøm,A,4 1 4 4 4 2 4 1 2 4 4 5 5 2 4 1 2 4 2 2 4 4 1 2 2
755,Fyns Storkreds,Jeppe,Bruus,A,2 2 4 4 4 2 4 2 2 4 4 5 4 2 4 4 2 4 4 2 4 4 2 2 2
756,Sydjyllands Storkreds,Jesper,Petersen,A,4 2 4 4 4 2 4 2 2 4 4 5 4 2 4 2 2 4 4 2 4 4 2 2 2
757,Sjællands Storkreds,Julie,Kølskov,A,2 1 5 4 5 1 4 2 2 4 4 5 4 2 4 2 2 2 4 2 4 5 2 2 4
758,Sjællands Storkreds,Kanishka,Dastageer,A,4 2 4 4 5 2 4 2 2 4 4 5 2 2 2 4 2 5 4 1 5 4 2 4 2
759,UNKNOWN,Kasper,Flygare,A,4 2 2 2 4 2 4 2 2 4 2 4 4 2 4 2 2 4 4 4 2 4 2 4 4
760,Vestjyllands Storkreds,Kasper B.G.,Lauritsen,A,4 2 4 2 5 2 4 2 2 4 4 5 4 1 5 2 2 4 4 4 4 4 2 2 2
761,Sjællands Storkreds,Kasper,Roug,A,4 1 4 4 5 1 4 2 2 4 2 5 4 2 4 2 4 4 4 2 4 2 1 4 2
762,Vestjyllands Storkreds,Katrine,Evelyn Jensen,A,2 2 4 4 5 2 4 2 2 4 4 4 2 2 2 2 2 4 4 1 4 4 2 2 4
763,Nordjyllands Storkreds,Kiki Bille,Bach,A,4 2 2 4 5 1 2 2 2 2 4 4 2 2 2 2 4 4 4 2 4 2 2 4 2
764,Sydjyllands Storkreds,Kim,Eskesen,A,4 2 2 2 4 1 4 1 5 2 2 1 4 5 4 5 1 4 2
765,Fyns Storkreds,Kim,Aas,A,4 2 4 2 4 2 4 2 2 4 4 4 4 2 4 2 2 2 2 2 4 4 2 4 4
766,Sydjyllands Storkreds,Kris,Jensen Skriver,A,4 2 4 4 4 2 4 2 2 2 5 4 4 2 4 2 2 4 4 2 5 2 2 4 2
767,Sjællands Storkreds,Kaare,Dybvad Bek,A,2 2 2 5 4 1 4 2 2 2 4 5 2 1 2 2 2 4 4 1 4 4 2 2 2
768,UNKNOWN,Lars,Fibæk,A,
769,Sydjyllands Storkreds,Lars Rømer,Olsen,A,1 2 4 4 5 1 4 2 4 4 5 5 2 1 4 4 2 5 2 2 4 4 4 2 2
770,Fyns Storkreds,Lasse,Haugaard Pedersen,A,2 2 4 4 5 1 4 4 2 4 4 4 2 2 5 2 4 4 4 1 4 4 2 2 2
771,Bornholms Storkreds,Lea,Wermelin,A,4 2 2 4 5 2 4 2 4 2 4 4 4 2 4 2 2 4 4 2 4 4 2 4 2
772,Østjyllands Storkreds,Leif,Lahn Jensen,A,4 2 2 4 4 2 4 2 4 4 4 5 4 2 2 4 2 4 4 4 4 4 2 4 2
773,UNKNOWN,Lise,Jørgensen,A,
774,Nordsjællands Storkreds,Louise,Mehnke,A,2 2 2 2 2 1 4 1 1 2 4 5 4 2 5 1 2 4 2 4 4 4 1 2 2
775,UNKNOWN,Louise,Stenmann,A,
776,Københavns Omegns Storkreds,Magnus,Barsøe,A,4 1 4 5 2 2 4 2 2 2 4 5 4 2 5 2 2 4 4 2 4 4 2 2 2
777,Sjællands Storkreds,Magnus,Heunicke,A,2 2 2 4 5 2 4 2 4 2 4 5 4 2 5 2 4 4 4 2 4 5 2 4 2
778,Østjyllands Storkreds,Malte,Larsen,A,4 2 2 4 5 2 2 2 2 2 2 5 2 2 4 2 2 4 4 2 4 4 2 2 2
779,Sydjyllands Storkreds,Maria,Radoor,A,2 2 4 4 2 2 2 2 1 2 4 5 4 2 4 2 2 4 4 2 4 4 2 2 4
780,Københavns Omegns Storkreds,Maria,Durhuus,A,4 1 2 2 4 1 5 2 2 4 4 5 2 1 4 4 2 2 4 2 2 4 2 4 2
781,Fyns Storkreds,Maria,Gudme,A,4 2 4 2 4 1 4 2 1 2 4 4 4 1 4 2 2 2 2 2 4 4 2 2 2
782,Nordsjællands Storkreds,Matilde,Powers,A,4 2 4 2 4 1 4 2 2 4 4 5 5 2 5 2 2 4 2 1 4 5 2 2 2
783,Københavns Omegns Storkreds,Mattias,Tesfaye,A,2 2 2 5 4 2 4 2 4 2 4 4 4 2 4 4 2 4 4 2 4 4 2 4 2
784,UNKNOWN,Mette,Frederiksen,A,
785,Københavns Storkreds,Mette,Reissmann,A,4 2 4 2 2 2 2 2 2 2 4 4 2 4 2 2 4 2 4 2 1 2 4 4
786,Vestjyllands Storkreds,Mogens,Jensen,A,2 2 4 2 4 2 2 2 2 4 4 4 2 2 4 2 2 4 4 2 4 4 1 4 4
787,Nordjyllands Storkreds,Morten,Ryom,A,4 1 5 2 4 1 4 2 2 4 4 4 4 1 4 2 2 4 1 2 4 1 2 4
788,Københavns Omegns Storkreds,Morten,Bødskov,A,2 2 4 4 4 2 4 2 4 2 4 5 4 2 2 4 2 4 4 4 4 5 2 4 2
789,Østjyllands Storkreds,Nicolai,Wammen,A,2 2 2 4 4 2 4 2 4 4 4 5 4 2 4 2 2 4 2 2 4 4 2 4 2
790,Nordjyllands Storkreds,Peder,Key Kristiansen,A,4 1 4 1 4 2 2 2 2 4 4 4 4 2 2 2 2 2 4 4 2 2 2 5 2
791,Nordjyllands Storkreds,Per,Husted,A,4 2 2 4 5 2 4 2 2 4 4 4 2 2 4 4 2 4 4 2 4 4 2 4 2
792,UNKNOWN,Per Kamp,Stefansen,A,
793,Københavns Storkreds,Peter,Hummelgaard,A,2 2 4 4 4 2 4 2 4 4 5 4 2 4 2 4 4 2 2 4 4 2 4 2
794,Nordsjællands Storkreds,Rasmus,Stoklund,A,2 2 4 4 4 2 4 4 4 4 4 5 2 2 2 4 2 4 4 2 4 4 2 4 2
795,Sjællands Storkreds,Rasmus Horn,Langhoff,A,5 1 4 4 5 1 2 1 1 5 4 5 4 1 2 2 2 4 4 2 4 5 1 4 4
796,Fyns Storkreds,Sara,Emil Baaring,A,4 2 2 5 5 1 4 2 4 2 4 5 2 2 4 2 2 4 4 1 4 5 2 2 2
797,Nordjyllands Storkreds,Simon,Kollerup,A,2 2 4 4 4 2 2 2 4 4 4 4 4 2 4 4 2 4 4 4 4 4 2 4 4
798,Københavns Omegns Storkreds,Sofie,de Bretteville,A,2 2 4 4 4 2 4 2 2 4 4 5 4 2 4 2 2 4 2 2 4 4 2 4 4
799,Københavns Storkreds,Sophie,Hæstorp Andersen,A,2 1 4 4 4 2 4 1 2 2 4 5 5 2 4 1 4 4 4 2 4 4 2 4 2
800,Nordsjællands Storkreds,Søren,Rye,A,4 1 2 2 2 2 2 1 2 4 4 5 4 2 5 1 2 4 2 4 4 5 1 5 4
801,Sjællands Storkreds,Tanja,Larsson,A,4 2 4 4 2 4 2 4 4 4 4 4 2 4 4 2 4 4 2 4 2 2 2 2
802,Sydjyllands Storkreds,Theis,Kylling Hommeltoft,A,4 2 4 2 4 2 2 2 4 2 2 5 4 2 4 2 2 4 2 4 4 4 1 2 4
803,Nordjyllands Storkreds,Thomas,Klimek,A,2 1 4 4 5 1 4 2 4 4 4 4 2 2 4 2 4 4 1 4 1 4 4
804,Østjyllands Storkreds,Thomas,Monberg,A,2 1 4 4 4 2 4 2 2 4 2 5 4 2 2 2 2 4 4 1 4 2 1 2 4
805,Fyns Storkreds,Thomas,Skriver Jensen,A,4 2 4 4 2 1 4 2 2 2 4 4 4 2 2 2 2 4 2 1 4 4 2 2 2
806,UNKNOWN,Tommi,Christensen,A,
807,Sjællands Storkreds,Trine,Birk Andersen,A,4 1 2 2 5 1 2 2 2 5 4 4 4 2 5 2 2 2 4 1 4 5 2 2 2
808,Fyns Storkreds,Trine,Bramsen,A,2 4 4 4 4 2 4 2 2 4 4 5 4 2 4 4 2 4 4 2 4 4 2 2 2
809,Sjællands Storkreds,Valdemar,Alban,A,4 1 2 4 5 2 4 2 4 4 4 5 4 2 5 2 1 5 5 2 4 2 2 2 4
810,Vestjyllands Storkreds,Vinnie,Borbjerg,A,4 1 4 4 4 1 5 2 2 4 2 5 2 2 4 2 2 4 4 4 2 4 1 2 1
811,Københavns Storkreds,Yildiz,Akdogan,A,4 2 4 0 4 2 4 2 2 4 4 5 4 2 5 2 4 4 2 4 4 4 1 4 4
812,Østjyllands Storkreds,Bia,Ndamukunda,C,1 1 5 5 2 2 1 4 5 1 5 5 2 5 5 5 1 5 4 2 4 5 2 1 4
813,Vestjyllands Storkreds,Lau,Sørensen,C,4 1 2 1 5 4 2 2 4 4 1 5 4 4 5 2 2 4 2 2 4 2 1 2 4
814,UNKNOWN,Morten,Sørensen,C,2 1 5 5 4 5 1 4 5 1 5 5 2 5 4 2 1 5 4 2 5 4 4 1 1
815,Sydjyllands Storkreds,Morten Trillingsgaard,Høybye,C,1 1 4 5 2 4 1 4 5 1 4 5 2 5 5 1 1 5 4 1 5 5 5 2 2
816,Københavns Storkreds,Rasmus,Bjergegaard,C,1 2 4 2 2 2 4 4 2 4 4 4 4 4 2 1 4 2 2 4 2 2 2 2
817,Nordjyllands Storkreds,Stine,Thier-Andersen,C,4 1 4 4 4 2 2 2 5 2 5 5 4 4 4 4 2 4 5 4 4 5 4 2 2
818,Sjællands Storkreds,Victoria Helene,Olsen,C,2 1 5 5 2 4 1 4 5 2 5 4 2 4 4 2 1 5 4 2 4 4 4 1 1
819,Københavns Omegns Storkreds,Frank,Clausen,I,2 1 5 4 2 4 1 4 5 2 5 2 2 5 2 5 1 5 4 4 4 2 5 1 4
820,Nordjyllands Storkreds,Claus,Beck,I,1 1 4 4 2 4 1 4 5 1 5 4 2 4 2 5 1 4 4 4 5 1 5 1 2
821,Østjyllands Storkreds,Louise,Svenstrup,I,1 1 5 4 2 5 1 4 5 2 4 1 2 4 1 4 1 5 5 2 5 1 5 1 4
822,UNKNOWN,,,,
823,UNKNOWN,,,,
824,Sjællands Storkreds,Valentina,Crast,Å,4 1 1 2 4 2 2 1 2 2 4 5 5 1 5 1 2 1 1 2 1 5 2 4 2
825,Vestjyllands Storkreds,Peter,Bilgrav,Å,5 1 5 1 5 1 5 1 4 5 5 5 5 1 5 1 5 2 2 5 1 5 1 1
826,Københavns Omegns Storkreds,Taner,Genc,F,4 1 5 2 4 1 4 1 2 5 5 5 5 1 4 2 5 4 2 4 2 4 1 1 2
827,Nordsjællands Storkreds,Jacob,Mark,F,4 1 5 4 4 1 5 1 2 5 5 5 5 1 4 1 5 4 4 1 4 4 1 1 2
828,UNKNOWN,,,,
829,UNKNOWN,,,,
830,Sydjyllands Storkreds,Allan,Svendsen,O,1 5 5 5 4 1 2 5 5 2 5 5 2 2 1 5 2 5 5 1 5 5 5 1 1
831,Sjællands Storkreds,Jacob,Bentsen,O,1 4 5 5 5 1 2 5 5 2 4 2 2 4 4 5 2 5 5 1 5 5 4 1 1
832,UNKNOWN,David,Ibsen,I,
833,Nordjyllands Storkreds,Ditte Ravn,Kaagaard,M,2 1 1 1 4 4 1 1 4 2 2 5 4 4 4 2 2 4 4 2 4 2 5 4
834,Fyns Storkreds,Andreas,Lausen,M,2 1 2 2 4 4 1 1 4 2 2 5 2 2 4 2 4 2 2 4 4 4 1 5 4
835,Sjællands Storkreds,Brian,Perri,M,2 2 2 2 4 4 1 1 4 2 2 5 4 4 4 2 2 4 5 5 4 4 2 5 4
836,Sydjyllands Storkreds,Lone,Hansen,M,2 1 1 2 4 4 1 1 4 2 2 5 4 4 5 2 1 2 2 4 4 4 2 5 4
837,Sjællands Storkreds,Pia Olsen,Dyhr,F,4 1 5 2 4 2 4 1 2 4 4 5 5 1 4 2 4 4 2 2 4 4 1 1 2
838,Sjællands Storkreds,Ali,Yahya,F,4 2 5 2 4 2 4 2 2 4 4 5 5 2 4 2 4 4 2 2 4 5 2 2 2
839,Københavns Storkreds,Stig,Ekman,A,4 1 4 2 4 2 4 1 1 5 2 5 5 2 5 2 2 4 4 4 1 4 1 4 2
840,Nordjyllands Storkreds,Dorthe,Pedersen,C,2 4 2 4 4 1 2 4 5 2 5 4 2 2 2 4 1 4 5 2 4 4 1 2
841,Sjællands Storkreds,Rune,Kristensen,C,1 2 5 4 5 2 1 4 5 4 4 4 2 4 2 2 2 4 5 4 4 4 4 1 4
842,Bornholms Storkreds,Peter Svarre,Fridolf,C,1 1 2 4 4 2 1 2 1 2 2 5 2 4 4 2 1 4 2 5 2 4 1 4 2
843,Østjyllands Storkreds,Erik,Særkjær,A,2 1 4 2 5 1 5 1 2 4 4 5 4 1 5 1 4 2 2 4 4 1 1 2 4
844,Østjyllands Storkreds,Anders,Kühnau,A,4 2 2 2 4 2 4 2 2 4 4 4 4 2 4 2 2 2 4 4 2 4 2 2 2
845,UNKNOWN,Charlotte Friberg,Henriksen,H,0 0 0 0 0 0 0 0 0 0 0 0 0 0 0 0 0 0 0 0 0 0 0 0 0
846,Fyns Storkreds,Charlotte,Møller-Madsen,H,2 5 5 5 4 2 2 5 4 4 5 5 4 4 5 5 4 5 5 1 5 5 4 1 2
847,Københavns Omegns Storkreds,Allan,Orland,H,1 4 5 5 2 4 1 5 5 2 5 4 2 2 5 5 4 5 4 1 5 5 5 1 4
848,Københavns Omegns Storkreds,Frederik,Lundberg,H,1 5 5 5 1 2 1 5 5 1 4 4 1 5 2 5 2 5 5 1 5 5 5 1 2
849,Nordjyllands Storkreds,Arne,Hyldgaard,H,1 4 5 5 5 1 1 4 5 4 4 2 1 4 4 5 2 5 5 1 5 5 5 1 4
850,Sydjyllands Storkreds,Jan Køpke,Christensen,H,1 2 5 5 4 1 1 5 5 4 4 2 1 5 2 5 2 5 5 1 5 5 4 1 4
851,UNKNOWN,,,,
852,Østjyllands Storkreds,Michael Bang,Pedersen,H,1 4 0 0 4 0 1 0 5 0 0 4 0 2 4 0 0 0 5 0 0 5 5 2 0
853,Vestjyllands Storkreds,Lina Sikora,Christiansen,Å,4 1 2 1 4 4 5 1 4 5 4 5 5 1 5 2 5 5 4 2 4 2 2 2 2
854,Østjyllands Storkreds,Bjørn,Olsen,Å,4 2 4 2 4 4 4 2 1 5 4 5 5 1 4 1 5 2 4 4 4 5 2 2 4
855,Sjællands Storkreds,Elise,Sydendal,Å,5 2 5 1 5 2 5 1 2 5 4 5 5 2 4 1 5 1 2 4 2 4 1 1 4
856,Københavns Storkreds,Jakob Ravn,Karlsen,Å,4 1 5 1 5 1 5 1 5 4 5 5 5 1 5 1 5 4 1 5 2 1 1 1 5
857,Københavns Storkreds,Lise,Coermann,Å,5 2 4 1 4 2 5 1 2 5 4 5 5 1 4 2 4 1 4 4 2 4 2 1 4
858,Fyns Storkreds,Anna Katrine Leth,Rehn,F,4 2 5 2 4 2 5 2 2 4 4 5 4 1 5 2 4 2 2 2 5 2 1 4
859,Østjyllands Storkreds,Carina,Sarkkinen,F,2 1 4 2 4 1 4 2 1 4 4 4 2 2 2 4 2 4 4 1 2 5 2 4 1
860,Fyns Storkreds,Charlotte,Ellenberger,F,5 2 5 2 4 1 4 4 4 4 4 5 5 1 4 1 5 4 4 2 4 4 1 1 2
861,Nordjyllands Storkreds,Christina,Lykke,F,4 2 5 1 5 2 4 2 2 4 4 5 4 1 4 2 2 2 4 2 2 5 1 1 2
862,UNKNOWN,Johannes Skov,Pedersen,F,5 1 5 1 5 2 5 2 2 5 5 5 5 1 4 1 4 4 2 2 4 4 1 1 2
863,UNKNOWN,Lars,Nissen,F,4 2 5 2 5 1 4 1 1 5 4 5 4 1 5 1 5 4 2 4 1 2 1 2 5
864,Fyns Storkreds,Laura Elise,Andersen-Mühl,F,5 1 5 2 4 1 5 1 4 5 5 5 5 2 5 1 4 1 1 4 2 4 1 1 4
865,Fyns Storkreds,Linda,Bollerup,F,4 1 4 4 5 1 4 5 2 5 4 5 4 1 1 4 2 1 2 4 5 4 1 4 2
866,Sjællands Storkreds,Martin Graff,Jørgensen,F,4 2 5 2 5 1 4 1 2 4 4 5 5 1 4 1 4 4 4 4 1 4 2 2 4
867,Østjyllands Storkreds,Rasmus T.,Mortensen,F,4 2 5 2 4 2 5 1 2 5 4 5 5 2 4 2 4 2 4 2 2 4 1 1 2
868,Nordjyllands Storkreds,Torsten,Wetche,B,2 1 2 2 4 2 2 2 4 4 2 5 4 2 2 2 2 2 4 4 2 4 2 4 4
869,Nordjyllands Storkreds,Emma Biørn,Tretow-Fish,B,4 1 2 2 4 2 4 1 2 5 4 5 5 2 5 1 4 1 2 4 2 5 1 4 4
870,Nordjyllands Storkreds,Gorm,Simonsen,B,2 1 1 2 4 2 4 1 2 4 2 5 4 2 5 1 2 1 4 4 4 4 1 4 4
871,Københavns Storkreds,Julie,Herdal,B,2 2 2 2 2 2 1 1 5 5 4 5 5 2 5 1 5 1 2 4 1 4 2 4 5
872,Sydjyllands Storkreds,Barbara,Krarup Hansen,B,0 1 5 2 5 2 2 1 1 5 4 5 5 1 4 1 2 4 4 5 2 4 1 4 4
873,Fyns Storkreds,Stine,Larsen,Å,5 4 4 1 5 2 5 1 2 5 4 5 5 1 5 1 4 1 2 4 1 4 1 1 4
874,Østjyllands Storkreds,Jakob,Jensen,Ø,5 2 5 1 5 1 5 1 1 5 4 5 5 1 4 1 5 1 4 5 1 5 1 1 4
875,Sydjyllands Storkreds,Karina,Adsbøl,Æ,2 2 5 5 5 2 2 5 4 2 4 2 4 4 1 5 2 5 5 1 4 5 4 1 1
876,Bornholms Storkreds,Asta,Kofod,Ø,5 1 5 1 5 1 5 1 2 5 4 5 5 2 2 1 4 1 2 4 1 5 1 1 5
877,UNKNOWN,Lasse,Oszadlik,M,
878,Fyns Storkreds,Camilla Schuster,Nygaard,M,2 1 1 2 4 4 1 1 4 2 2 5 4 4 4 2 1 2 4 4 4 4 2 5 2
879,Københavns Omegns Storkreds,Zishan,Ali,M,2 2 2 2 4 2 1 1 4 2 4 5 2 2 4 2 2 2 4 4 5 4 2 5 4
880,Nordjyllands Storkreds,Thomas,Skovgaard,M,4 1 1 2 5 4 1 1 4 2 2 5 4 4 4 2 1 2 4 4 5 4 2 5 4
881,Nordsjællands Storkreds,Pernille,Christensen,M,2 1 2 2 4 4 1 1 4 4 2 5 4 4 5 1 1 2 4 4 4 4 1 5 4
882,Københavns Storkreds,Marcus,Vesterager,A,4 2 4 4 4 2 4 1 2 4 4 5 5 2 5 1 2 4 2 4 2 4 2 4 4
883,Østjyllands Storkreds,Louise,Louring,V,1 2 2 5 2 4 1 4 4 1 4 4 2 4 4 4 4 4 4 2 4 4 4 2 4
884,Sjællands Storkreds,Bob Richard,Nielsen,Æ,2 1 5 5 4 1 1 5 4 1 5 2 1 5 1 5 1 5 5 1 5 4 5 1 1
885,Sjællands Storkreds,Benny,Damgaard,Æ,2 1 4 4 5 4 2 2 4 2 4 4 5 2 5 2 1 4 5 4 4 4 5
886,UNKNOWN,Bo,Tønnesen,Å,
887,Østjyllands Storkreds,Hans,Skou,V,1 1 2 4 4 4 1 4 4 1 4 2 4 4 2 1 5 5 2 5 5 4 2 2
888,Sjællands Storkreds,Tina,Mandrup,V,1 1 4 4 4 4 1 5 4 1 1 5 2 4 4 1 1 5 5 1 5 4 2 2
889,Fyns Storkreds,Claus,Oxfeldt,V,1 2 1 5 2 4 1 5 4 2 4 5 2 4 4 1 1 5 5 2 5 5 4 1 2
890,Vestjyllands Storkreds,Simon,Højer,C,4 2 4 4 4 2 1 1 5 2 2 4 2 4 4 2 2 4 4 4 4 4 2 2 2
891,Københavns Storkreds,Lasse Vogel,Andersen,C,4 2 4 5 4 4 1 4 5 4 5 4 4 5 5 4 1 5 4 4 5 5 4 2 4
892,Københavns Storkreds,Pernille,Birch,C,1 2 4 4 2 4 1 4 4 2 4 4 4 4 2 2 2 4 4 2 4 2 4 1 4
893,Sydjyllands Storkreds,Cecilie C.,Johannsen,C,2 2 2 4 2 2 2 4 4 2 2 4 4 4 4 2 1 2 4 2 4 4 4 2 5
894,Bornholms Storkreds,Helle Munk,Ravnborg,Ø,5 1 5 1 5 1 5 1 1 5 4 5 5 1 4 1 4 1 4 2 1 5 1 1 2
895,Fyns Storkreds,Mette,Skaarup,Ø,5 1 5 1 4 1 5 1 1 5 4 5 5 2 4 1 4 1 2 4 1 5 1 1 4
896,Nordsjællands Storkreds,Rasmus,Petersen,Ø,5 1 5 1 5 1 5 1 1 5 2 5 5 1 4 2 4 2 4 4 1 4 1 1 4
897,Sjællands Storkreds,Kevin Alex,Rasmussen,Ø,5 2 4 1 5 1 5 1 1 5 4 5 5 1 4 2 4 1 4 2 1 5 1 1 5
898,Vestjyllands Storkreds,Damian Hartvig,Mathiesen,Ø,5 1 5 1 4 1 5 1 2 5 2 5 5 1 2 1 5 1 4 4 1 5 1 1 4
899,Vestjyllands Storkreds,Henning Bo,Madsen,Ø,5 1 4 1 5 5 4 5 5 1 5 1 4 2 2 2 4 1 2
900,Vestjyllands Storkreds,Henning,Lindberg,Ø,5 2 1 5 2 4 1 2 5 4 5 5 1 2 5 1 4 2 2 2 4
901,Østjyllands Storkreds,Lisbeth,Ivanhoe,Ø,5 1 5 1 4 1 5 1 2 5 4 5 5 2 2 2 4 1 4 2 1 5 1 1 2
902,Østjyllands Storkreds,Dennis,Munk,Ø,5 1 5 1 5 1 5 1 1 5 5 5 5 1 5 1 5 1 2 4 2 5 1 1 5
903,Københavns Omegns Storkreds,Signe,Wenneberg,Å,5 1 5 1 2 2 2 1 2 5 4 5 5 1 5 1 5 2 2 2 2 5 1 1 5
904,Københavns Storkreds,Camilla,Hoffmann,A,5 1 4 1 4 2 1 1 5 4 5 5 1 5 1 2 2 2 4 4 5 1 2 4
905,Østjyllands Storkreds,Mathias,Thybo,A,4 1 4 4 4 2 4 2 2 4 4 4 4 2 4 2 2 4 2 2 2 4 2 2 2
906,Vestjyllands Storkreds,Ragnar,Dixen,I,1 2 5 4 2 5 1 4 5 2 4 2 2 4 2 2 1 5 4 4 4 2 5 1 4
907,UNKNOWN,Iben Forum,Jeppesen,I,
908,Vestjyllands Storkreds,Keld,Lorenzen,I,1 2 5 5 2 4 1 5 5 1 5 4 1 5 4 2 1 4 4 4 5 5 4 1 4
909,UNKNOWN,Annette Sofia,Skotte,I,
910,Vestjyllands Storkreds,Kevin,Possekel,I,1 1 5 4 2 4 1 4 5 2 5 2 2 5 2 2 1 5 5 4 5 2 5 1 4
911,Fyns Storkreds,Gustav,Wilde,I,1 1 5 5 2 4 1 5 5 2 4 2 2 5 1 2 2 5 5 2 4 2 5 1 2
912,Nordsjællands Storkreds,Ayhan,Kilic,M,
913,Østjyllands Storkreds,Anna,Calero,Å,5 4 5 1 5 4 5 1 4 5 5 5 5 1 5 1 5 1 2 2 5 5 2 2 2
914,Østjyllands Storkreds,Gitte Dreier,Jacobsen,Å,5 1 4 1 4 2 4 1 2 5 2 5 5 1 4 1 5 1 2 5 2 4 2 1 4
915,Østjyllands Storkreds,Hanne K.,Mortensen,Å,4 4 5 2 4 1 1 2 1 4 4 5 5 2 5 4 2 2 2 2 2 5 2 4 1
916,Østjyllands Storkreds,Kim,Sørensen,Å,0 2 5 1 5 1 5 2 1 5 2 5 5 1 5 1 5 1 2 2 2 4 1 2 4
917,UNKNOWN,Lissi,Bagge,Å,
918,Østjyllands Storkreds,Marcus Bech,Pedersen,Å,5 1 1 2 4 2 1 1 5 5 1 5 5 1 5 1 5 1 1 5 1 4 1 4 5
919,Østjyllands Storkreds,Pernille,Skærsø,Å,5 1 4 1 2 4 2 2 4 4 4 5 5 1 4 1 4 1 2 4 4 2 1 4 4
920,UNKNOWN,Sasja Elkjær,Krogsdal,Å,
921,Østjyllands Storkreds,Thomas Due,Nielsen,Å,5 2 4 2 4 1 5 2 2 4 4 5 5 1 4 1 5 2 4 4 4 5 1 1 4
922,Østjyllands Storkreds,Thomas Quist,Mortensen,Å,5 2 4 1 5 2 5 1 2 5 5 5 5 1 4 1 5 2 4 2 2 5 1 1 4
923,Østjyllands Storkreds,Thor Clasen,Jonasen,Å,5 1 4 1 5 2 5 2 4 4 2 5 5 1 4 1 1 2 4 2 2 1 1 2
924,Østjyllands Storkreds,Tina,Kjær,Å,4 1 4 1 2 4 1 2 5 4 5 5 1 5 1 5 4 4 4 1 4 1 2 5
925,UNKNOWN,Tenna Duch,Schaldemose,Å,
926,UNKNOWN,,,,
927,Nordsjællands Storkreds,Daniel,Drefeld,C,2 2 4 5 2 4 1 4 5 2 4 4 2 4 4 2 2 4 2 2 4 4 4 1 4
928,Københavns Omegns Storkreds,Julie,Ahlefeldt-Laurvig,C,1 1 4 4 1 4 1 4 4 2 4 4 4 4 4 2 2 4 2 2 4 4 4 2 4
929,Sydjyllands Storkreds,Gunver Birgitte,Nielsen,C,2 1 4 4 4 4 2 2 5 4 5 5 5 4 4 4 2 4 4 2 2 5 1 4 1
930,Sydjyllands Storkreds,Christian,Tarbensen,C,2 1 5 5 4 4 2 5 5 2 2 5 1 4 2 4 2 5 2 1 5 2 4 2 4
931,Sjællands Storkreds,Silas,Ipsen,C,1 1 5 5 4 1 1 4 5 1 5 5 2 4 4 4 1 5 2 2 4 5 4 1 1
932,Nordsjællands Storkreds,Annette,Rieva,V,1 1 2 4 2 4 1 4 4 2 4 4 2 4 4 4 2 4 4 4 4 2 4 2 2
933,Sydjyllands Storkreds,Phillip Kjær,Luscombe,V,1 1 2 4 4 4 1 5 5 1 4 5 2 4 4 1 1 5 5 2 5 5 4 2 2
934,Nordjyllands Storkreds,Paulina,Laparil,H,1 4 5 5 4 1 1 4 5 2 4 5 2 5 2 5 2 5 5 2 2 5 5 1 2
935,Nordjyllands Storkreds,Ib,Poulsen,H,1 4 5 5 5 1 5 5 5 2 2 4 1 2 1 5 1 5 5 2 5 5 5 1 1
936,Fyns Storkreds,Daniel,Juhl,H,1 4 5 5 4 1 1 5 5 1 4 5 2 4 5 5 1 5 5 1 5 5 5 1 2
937,Fyns Storkreds,Anja,Busch,H,1 4 5 5 4 1 1 5 5 2 4 5 2 4 5 5 1 5 5 1 4 5 5 1 1
938,UNKNOWN,,,,
939,Københavns Omegns Storkreds,Vibeke,Westh,A,2 0 5 4 2 1 4 1 1 4 4 5 5 2 5 1 4 4 2 4 2 5 1 2 4
940,Fyns Storkreds,Stine,Øllegaard,Ø,5 2 5 1 5 1 5 1 2 5 4 5 5 2 2 2 4 1 4 2 1 5 2 1 2
941,Bornholms Storkreds,Kim,Hjerrild,Å,5 1 5 1 2 1 5 1 1 5 4 5 5 2 2 1 4 2 4 2 2 5 1 2 4
942,Bornholms Storkreds,Laila Stougaard Kofoed,Espersen,B,4 1 2 2 4 4 4 1 2 4 4 5 5 2 4 1 4 4 4 4 4 4 1 5 4
943,Nordsjællands Storkreds,Freja Eva,Lockenwitz,B,4 2 2 2 4 2 2 2 2 4 2 5 4 2 5 1 4 2 2 4 2 4 1 4 4
944,Fyns Storkreds,Matilde,Skov-Hansen,Å,5 1 4 1 5 1 5 1 2 5 4 5 5 1 4 1 4 1 1 5 1 5 2 2 4
945,UNKNOWN,,,,
946,Sjællands Storkreds,John Bo,Hansen,H,2 4 5 5 1 1 5 5 4 2 4 2 2 2 5 4 5 5 4 1 1 5 1 1
947,Fyns Storkreds,Araz,Khan,I,1 5 5 2 4 1 5 2 5 2 2 5 1 4 2 5 4 4 5 2 5 1 4
948,Vestjyllands Storkreds,Hanne,Frølund,B,2 1 1 1 5 2 2 5 1 4 4 5 4 4 5 2 1 1 2 2 2 4 1 4 2
949,Vestjyllands Storkreds,Lone Kjær,Hein,B,4 2 2 1 5 2 4 1 1 5 2 5 5 0 5 1 0 2 2 4 2 5 1 4 4
950,Sydjyllands Storkreds,Nicholas,Wentworth,B,4 1 2 1 4 4 2 1 4 5 4 5 5 2 5 1 2 1 2 5 1 2 1 4 5
951,Østjyllands Storkreds,Rabih,Azad-Ahmad,B,4 2 2 2 2 1 4 1 2 4 2 4 5 1 2 4 2 1 2 4 1 5 1 4 5
952,Fyns Storkreds,Andreas Fjord,Larsen,V,1 1 4 5 4 4 1 5 4 1 4 5 4 4 4 4 1 5 4 4 5 4 4 2 2
953,Sjællands Storkreds,Ditte,Keidser,C,2 1 4 4 4 2 2 4 4 4 4 4 4 4 2 4 2 2 4 2 2 4 2 2 2
954,Sjællands Storkreds,Mads,Ramstedt,C,1 2 5 5 2 4 2 4 5 2 5 4 2 4 4 4 2 5 4 1 5 5 5 1 1
955,Nordjyllands Storkreds,Gabriel,Aaen,C,2 2 5 2 4 1 1 4 5 2 2 2 4 5 2 5 2 4 2 2 4 1 2 1 1
956,Nordsjællands Storkreds,Salik Anders,Rosing,Å,4 2 4 1 4 2 4 1 2 5 4 5 5 2 4 1 5 1 2 4 2 4 1 1 4
957,UNKNOWN,Sofie Faureholm,Lundsberg,Å,
958,UNKNOWN,,,,
959,UNKNOWN,Jan,Schumann,Å,4 2 4 1 4 1 4 1 2 5 5 5 5 1 5 5 5 2 4 4 4 5 4 2 5
960,Københavns Storkreds,Noah,Sturis,Å,5 2 4 2 4 2 4 1 2 5 4 5 5 2 4 1 4 2 4 4 2 5 2 2 4
961,UNKNOWN,Sofie,Valbjørn,Å,
962,Sjællands Storkreds,Line,Gessø,Å,1 1 5 1 4 1 4 1 2 5 2 5 2 2 5 2 5 2 2 2 2 5 1 2 2
963,UNKNOWN,Isabella,Apelroth,Å,4 1 5 1 5 2 5 1 1 4 2 5 5 1 4 1 5 2 4 4 2 4 1 1 2
964,Sjællands Storkreds,Lars,König,Å,2 1 2 2 4 1 1 1 5 2 5 5 1 4 1 4 1 2 4 4 4 2
965,Vestjyllands Storkreds,Signe Sofie,Larsen,Å,5 2 2 1 5 2 5 1 2 5 2 5 5 1 2 1 5 2 2 5 1 4 1 2 5
966,Vestjyllands Storkreds,Didde Krabbe,Johannesen,Å,5 2 0 0 0 0 0 0 2 0 0 5 0 0 0 0 0 0 2 0 0 0 2 2 0
967,Københavns Storkreds,Theresa,Scavenius,,4 2 4 1 4 4 4 2 2 4 4 5 4 2 4 2 4 2 4 4 2 2 1 2 4
968,Københavns Omegns Storkreds,Luise,Hjortebjerg,V,1 1 2 4 2 4 1 4 4 2 4 5 2 4 4 2 1 4 5 2 4 5 4 2 1
969,UNKNOWN,Emilla,Møller,A,
970,UNKNOWN,Pia,Halkjær,A,
971,Sydjyllands Storkreds,Bodil,Nielsen,Å,5 4 4 1 5 1 5 1 1 5 5 5 5 1 5 1 5 1 1 5 1 4 2 1 2
972,Nordsjællands Storkreds,Ingrid,Heintz,Å,4 1 2 1 4 1 5 1 2 5 5 5 5 1 1 1 5 5 2 4 4 5 4 2 5
973,UNKNOWN,Karina,Konrad,Å,
974,Københavns Omegns Storkreds,Thomas,Lindqvist,Å,4 2 5 1 4 4 5 1 4 4 2 5 5 2 4 1 4 2 2 4 2 2 1 2 4
975,UNKNOWN,Rasmus,Paludan,,5 5 5 5 1 4 2 5 4 5 5 5 5 2 5 4 1 5 4 1 5 4 5 1 1
976,Københavns Storkreds,Rashid,Ali,,4 4 1 1 2 2 2 1 4 5 2 5 5 2 5 2 4 1 2 5 2 5 4 1 5
977,UNKNOWN,John Erik,Wagner,,
978,UNKNOWN,Peter Kempf,Pedersen,A,
979,UNKNOWN,Kasper,Thomassen,V,
980,UNKNOWN,Majbrit,Nørgaard,V,
981,UNKNOWN,Maria,Enemark,H,
982,Vestjyllands Storkreds,Knud,Gaarn-Larsen,,5 2 4 2 5 2 4 1 5 5 5 5 4 1 5 2 2 4 5 4 2 4 2 4 5
983,UNKNOWN,Viviane Ellasofie,Karlsen,H,
984,Østjyllands Storkreds,Søren Skjold,Andersen,,4 2 4 2 2 2 2 2 4 4 5 2 4 4 1 2 4 5 4 2 1 2 4 4
